index,published,topic,term,domain,language,valid,de,title,description,en,la,url,image,archive,content,quote,added,feed,country,ipcc,continent
a6fc7faf72b51a5c2f8a99e47875204c,2026-08-03T07:32:15Z,Heat Wave,caniculă arad bihor timiș,www.realitatea.net,ro,0.7,"Roter Hitzecode, erweitert und erweitert durch ANM: Bereiche, in denen die Temperaturen 41 °C erreichen – MAP. Die Nationale Wetterbehörde hat die Hitzewarnungen um einen weiteren Tag verlängert, und der Kreis Timiș wird zusammen mit Satu Mare, Bihor und Arad unter den Roten Code fallen. Die neuen Warnungen gelten von Dienstag, 4. August, 10:00 Uhr, bis Mittwoch, 5. August, …","Cod roșu de caniculă, prelungit și extins de ANM: zonele unde temperaturile ajung la 41°C - HARTA","Administrația Națională de Meteorologie a prelungit cu încă o zi avertizările de caniculă, iar județul Timiș va intra sub Cod roșu alături de Satu Mare, Bihor și Arad. Noile avertizări vor fi valabile de marți, 4 august, ora 10:00, până miercuri, 5 august, la…","Red heat code, extended and extended by ANM: areas where temperatures reach 41°C - MAP. The National Meteorological Administration has extended the heatwave warnings by one more day, and Timiș county will enter under Red Code along with Satu Mare, Bihor and Arad. The new warnings will be valid from Tuesday, August 4, at 10:00 a.m., until Wednesday, August 5, at…","Codicis caloris rubri, extensus et extensus ab ANM: areas ubi temperaturae ad 41°C - MAP. Nationalis Administrationis Meteorologicae admonitiones aestuosas uno die dilatavit, et comitatus Timiș sub Red Codice intrabit una cum Satu Mare, Bihor et Arad. Novae admonitiones validae erunt a die Martis 4 Augusti, anno 10:00 a.m., usque ad diem Mercurii, V mensis Augusti, anno ...",https://www.realitatea.net/stiri/actualitate/cod-rosu-de-canicula-prelungit-si-extins-de-anm-zonele-unde-temperaturile-ajung-la-41c-harta-qn2dnl,https://www.realitatea.net/storage/media/7/2026/06/canicula-romania-vremea-pRwBlO.webp,,"Administraia Naional de Meteorologie a prelungit cu înc o zi avertizrile de canicul, iar judeul Timi va intra sub Cod rou alturi de Satu Mare, Bihor i Arad. Noile avertizri vor fi valabile de mari, 4… [+3674 chars]",,2026-08-04 12:28:13+00:00,wmo,Romania,WCE,Europe
7eee0281b2ea8909669c2e006e9ea773,2026-08-04T04:48:00Z,Drought,seceta moldova,www.digi24.ro,ro,0.9,"Einschränkungen in der Republik Moldau: Vermeidung der Nutzung von Aufzügen zwischen 6:00 und 9:00 Uhr, Optimierung der Beleuchtung und Neuorganisation der Aktivität. Die durch die Dürre verursachte Situation im Energiesektor, die zum Rückgang des Wasserspiegels in der Republik Moldau führte, erfordert auch zusätzliche Maßnahmen zur Energieeinsparung. Die Nationale Kommission für Krisenmanagement der Republik Moldau genehmigte eine...","Restricții în R. Moldova: Evitarea utilizării lifturilor între 6:00 şi 9:00, optimizarea iluminatului şi reorganizarea activităţii",Situația creată în sectorul energetic de seceta care a dus la scăderea nivelului apelor și în Republica Moldova impune luarea unor măsuri suplimentare pentru economisirea energiei. Comisia Naţională de Management al Crizelor din Republixa Moldova a aprobat un…,"Restrictions in the Republic of Moldova: Avoiding the use of elevators between 6:00 and 9:00, optimizing the lighting and reorganizing the activity. The situation created in the energy sector by the drought that led to the decrease of the water level in the Republic of Moldova also requires taking additional measures to save energy. The National Crisis Management Commission of the Republic of Moldova approved a...","Restrictiones in Moldavia: evitandi usus elevatorum inter 6:00 et 9:00, optimizing actionem deponens et ordinans. Res in regione energiae siccitatis creatae quae ad diminutionem aquae gradus in Moldavia adduxit, etiam requirit additos mensuras ad energiam servandam. Commissio Nationalis Crisis Management Moldavia approbavit...",https://www.digi24.ro/stiri/externe/restrictii-in-r-moldova-evitarea-utilizarii-lifturilor-intre-600-si-900-optimizarea-iluminatului-si-reorganizarea-activitatii-3891627,https://s.iw.ro/gateway/g/ZmlsZVNvdXJjZT1odHRwJTNBJTJGJTJG/c3RvcmFnZTA4dHJhbnNjb2Rlci5yY3Mt/cmRzLnJvJTJGc3RvcmFnZSUyRjIwMjUl/MkYwOSUyRjAzJTJGMjM0MjYxOV8yMzQy/NjE5X3N0YWxwaS10cmFuc3BvcnQtZW5l/cmdpZS1lbGVjdHJpY2EtcHJvZmltZWRp/YS5qcGcmdz0xMjAwJmg9NjMwJnpjPTEm/aGFzaD1iMDgxMzAzYWU0ZDI5OTU5N2VjZmIwYWIyMmU1YTY2Ng==.thumb.jpg,,Situaia creat în sectorul energetic de seceta care a dus la scderea nivelului apelor i în Republica Moldova impune luarea unor msuri suplimentare pentru economisirea energiei. Comisia Naional de Mana… [+4294 chars],,2026-08-05 17:05:40+00:00,edo,Moldova,WCE,Europe
ec7d20e7c3a162ce282175749185f1a5,2026-08-02T07:13:49Z,Heat Wave,val de căldură,www.biziday.ro,ro,0.9,"Hitzewelle und thermische Beschwerden im größten Teil des Landes bis Donnerstagmorgen. Meteorologen haben die Warnungen verlängert. In den Landkreisen Satu Mare, Bihor und Arad gilt bis Dienstagmorgen Code Rot, in acht weiteren Landkreisen Code Orange. Die Nationale Meteorologische Behörde hat die Hitzewellenwarnungen aktualisiert. Somit gilt bis Donnerstag, 6. August, eine Information über Hitzewelle, Hitzewelle, extreme Temperaturen, thermische Unannehmlichkeiten und Tropennächte. „Sonntag (2. August) und Montag (3. August...)","Caniculă și disconfort termic în aproape toată țara, până joi dimineață. Meteorologii au extins avertizările. În județele Satu Mare, Bihor și Arad este Cod Roșu până marți dimineața, iar în alte opt județe este Cod Portocaliu.","Administrația Națională de Meteorologie a actualizat avertizările de caniculă. Astfel, pănă joi, 6 august, este valabilă o informare de val de căldură, caniculă, temperaturi extreme, disconfort termic și nopți tropicale. ”Duminică (2 august) și luni (3 august…","Heatwave and thermal discomfort in most of the country until Thursday morning. Meteorologists have extended the warnings. In the counties of Satu Mare, Bihor and Arad it is Code Red until Tuesday morning, and in eight other counties it is Code Orange.. The National Meteorological Administration has updated the heat wave warnings. Thus, until Thursday, August 6, an information about heat wave, heat wave, extreme temperatures, thermal discomfort and tropical nights is valid. ""Sunday (August 2) and Monday (August 3...","Heatwave et scelerisque molestiae in maxima regione usque ad Iovis mane. Monitiones astrologi extenderunt. In comitatibus Satu Mare, Bihor et Arad est Codex Rubeus usque ad diem Martis mane, et in octo aliis comitatus est Codex Orange. Ita, usque ad diem Iovis, VI mensis Augusti, indicium de unda caloris, fluctus aestus, temperaturas extremas, incommodis et tropicis noctibus valet. „Dominica (2. Aug.) et Lunae (3. Aug. .",https://www.biziday.ro/364966-2/,https://cdn.biziday.ro/wp-content/uploads/2026/08/WhatsApp-Image-2026-08-02-at-10.12.14.jpeg,,"Administraia Naional de Meteorologie a actualizat avertizrile de canicul. Astfel, pn joi, 6 august, este valabil o informare de val de cldur, canicul, temperaturi extreme, disconfort termic i nopi tr… [+2381 chars]",,2026-08-06 08:03:12+00:00,random,,,
271af1c758d6f0d7bdd7e06cfd84941a,2026-08-04T07:16:21Z,Heat Wave,val de căldură,www.realitatea.net,ro,0.9,"ANM erweitert den Rothitzecode: In sieben Landkreisen werden Temperaturen von bis zu 41 °C herrschen – MAP. Rumänien wird zwischen dem 4. August, 10:00 Uhr und dem 8. August, 10:00 Uhr eine starke Hitzewelle erleben. Die Hitzewelle wird sich am Dienstag, Mittwoch und Donnerstag ausdehnen und verstärken. Im Banat und Crișana werden die Temperaturen 40-41 Grad erreichen. Freitag, die Hitze...",ANM extinde codul roșu de caniculă: șapte județe vor avea temperaturi de până la 41°C - HARTA,"România va trece printr-un val puternic de căldură în perioada 4 august, ora 10:00 – 8 august, ora 10:00. Canicula se va extinde și se va intensifica marți, miercuri și joi. Temperaturile vor ajunge până la 40-41 de grade în Banat și Crișana. Vineri, căldura …","ANM extends the red heat code: seven counties will have temperatures of up to 41°C - MAP. Romania will go through a strong heat wave between August 4, 10:00 a.m. and August 8, 10:00 a.m. The heat wave will expand and intensify on Tuesday, Wednesday and Thursday. Temperatures will reach 40-41 degrees in Banat and Crișana. Friday, the heat...","ANM codicem rubrum calorem extendit: septem comitatus temperaturas habebunt usque ad 41°C - MAP. Romania per aestus vehementis fluctus inter Kalendas Septembris 4, 10:00 a.m. et 8 Augusti 10:00 a.m., fluctuabit et aestus die Martis, Mercurii et Iovis augebit et augebit. Temperaturae 40-41 gradus in Banat et Crișana pervenient. Veneris, calor...",https://www.realitatea.net/stiri/actualitate/anm-cod-rosu-de-canicula-in-romania-temperaturile-vor-ajunge-la-41-de-grade-harta-2u24sd,https://www.realitatea.net/storage/media/7/2026/06/canicula-romania-vremea-pRwBlO.webp,,"România va trece printr-un val puternic de cldur în perioada 4 august, ora 10:00 8 august, ora 10:00. Canicula se va extinde i se va intensifica mari, miercuri i joi. Temperaturile vor ajunge pân la … [+2987 chars]",,2026-08-06 08:03:12+00:00,random,,,
f06c73b350bbc2f90f91c6c198707e77,2026-08-05T07:12:14Z,Heat Wave,căldură,www.realitatea.net,ro,0.9,"Meteorologen haben die Hitzewelle CODE RED verlängert und verlängert. Die Hitzewelle nähert sich absoluten Rekorden. Rumänien erlebt die schwerste Hitzewelle des Sommers: Temperaturen von 41 °C, tropische Nächte und starke atmosphärische Instabilität

Die National Meteorological Administration hat heute neue rote, orange und gelbe Codewarnungen herausgegeben, erweitert und übernommen...",Meteorologii au extins și prelungit CODUL ROȘU de caniculă. Valul de căldură se apropie de recorduri absolute,"România intră în cea mai severă secvență de caniculă a verii: temperaturi de 41°C, nopți tropicale și instabilitate atmosferică puternică

Administrația Națională de Meteorologie a emis astăzi noi avertizări de cod roșu, portocaliu și galben, extinse și prelu…","Meteorologists have extended and extended the heat wave CODE RED. The heat wave is approaching absolute records. Romania enters the most severe heatwave sequence of the summer: temperatures of 41°C, tropical nights and strong atmospheric instability

The National Meteorological Administration today issued new red, orange and yellow code warnings, extended and taken over...","Astrologi aestum extenderunt et undam CODEX RED. Fluctuat aestu absolutus accedens conficit. Romania ingreditur gravissima serie heatwave aestatis: temperaturas 41°C, noctes tropicas et inconstantiam validam atmosphaericam.

Nationalis Administrationis Meteorologicae hodie novas rubras, aurantiacas et flavas codici monita edita, extensa et recepta sunt.",https://www.realitatea.net/stiri/actualitate/meteorologii-au-extins-si-prelungit-codul-rosu-de-canicula-valul-de-caldura-se-apropie-de-recorduri-absolute-hk3qdb,https://www.realitatea.net/storage/media/5/2019/06/cod_rosu_furtuni_83195200.jpg,,"România intr în cea mai sever secven de canicul a verii: temperaturi de 41°C, nopi tropicale i instabilitate atmosferic puternic
Administraia Naional de Meteorologie a emis astzi noi avertizri de co… [+2041 chars]",,2026-08-06 08:03:12+00:00,random,,,
