day,sentiment_mean,sentiment_std,subjectivity_mean,subjectivity_std,counting
2025-11-25,1.1206838512624022,1.0,0.6658816542247247,1.0,1.0
2025-12-10,-0.6095192718500169,0.7930435041020395,-0.6972469403948223,0.7971428676078298,6.0
2025-12-12,0.28324264218995177,0.9298777760127451,-0.6206089666298947,1.8837123735195922,3.0
2025-12-16,-0.27828703122152176,0.15903026983028243,-1.0391085289226285,0.523468289140239,2.0
2025-12-25,1.7636458372679318,2.7286988862429,-0.3488773955807697,0.9807331519000553,2.0
2025-12-26,0.25833705705235793,1.0,0.20359894518370913,1.0,1.0
2025-12-27,-0.03708911683365618,1.0590507447935509,0.11347160110540025,0.7363873958337883,4.0
2025-12-28,0.8892488266383106,1.1125324230191989,0.4326812825983593,0.9730153157296273,2.0
2025-12-29,0.30541920836916564,1.0,-0.21799867523378005,1.0,1.0
2025-12-30,1.8500889303863706,1.0,-0.0211344200362041,1.0,1.0
2026-01-01,0.30855398814175566,1.0,-1.2129769072170398,1.0,1.0
2026-01-02,-0.044797049346134044,1.5382836905301456,0.21283227735632626,0.05474349613005884,2.0
2026-01-03,0.25767487150681573,1.0,-0.5273567905442568,1.0,1.0
2026-01-04,0.026533088451693606,1.0,0.6274510915667493,1.0,1.0
2026-01-05,0.6893057850104356,1.1374159838575582,0.20153354534699452,1.3795616134918316,4.0
2026-01-06,-0.07617681954894587,0.7347471878147913,0.2820280907574092,1.5246413895168438,4.0
2026-01-07,0.08754747274817484,0.489768515938744,-0.8521533212639806,1.138732938376482,5.0
2026-01-08,1.8601080037779014,0.492533348600636,0.7691223293518064,0.3365398197207119,2.0
2026-01-09,-0.40623247929875,1.3801341373606477,0.05782144371698417,1.5957843476071112,9.0
2026-01-10,-0.22540705212876905,0.7381130989942818,-0.10452945004337252,0.746895332503667,7.0
2026-01-11,-0.1966473137659268,0.9909764781521557,-0.2761009406060365,0.8878313131795034,8.0
2026-01-12,0.038535135444996316,0.4204894164679713,-0.06754904709282804,0.1758391038020304,3.0
2026-01-13,-0.022252578293534123,0.9941335521422644,0.050781222597954784,1.0664346228781127,8.0
2026-01-14,-0.3666525452285018,0.4539773364930063,0.24101645040546602,0.012784045391949168,2.0
2026-01-15,-1.0085672316599024,1.0,-0.9549430579064357,1.0,1.0
2026-01-16,0.1950964365191523,0.3239257598760032,0.2018644413731872,1.1806160635357132,5.0
2026-01-17,-0.7750127166235782,0.9563844890034623,0.6115013345968238,1.2367007166293291,3.0
2026-01-18,0.29611108719867246,0.8481554809596665,0.7778189330963935,0.19267438045731297,3.0
2026-01-19,0.12621518198831616,0.789767688656838,-0.48424936109211053,1.0750664950299265,7.0
2026-01-20,0.5999072214370131,1.0,-0.4741473583611794,1.0,1.0
2026-01-21,0.7472428338052841,0.12087454483558828,0.474620360407524,0.38365191315837394,2.0
2026-01-23,0.07311244893976901,0.7972043856180506,-1.0706531356848712,0.33367951635932336,2.0
2026-01-24,-0.7697126833712691,0.602323429321073,-0.19403633812064675,1.5964029110023297,5.0
2026-01-25,0.2600734086952955,1.5012490700551446,0.3250581481067772,0.8881526947405712,5.0
2026-01-26,0.014517265019890606,0.2105126052069874,-0.34630246418474675,0.885300941468889,7.0
2026-01-27,0.039397954820878454,0.14783206457444506,-0.18346623592997385,0.6397432310109132,2.0
2026-01-28,-0.11281571913940394,0.8403759772242209,-0.33504663708234117,0.8960246316275565,4.0
2026-01-29,-0.21398034983635147,0.6697341976115205,-0.6268805105121936,0.9098727687656644,6.0
2026-01-31,-1.0460549942103627,1.0,-0.16556084205901003,1.0,1.0
2026-02-01,0.008378438993095427,0.38830464288008554,-1.580553579317236,0.7224024590135965,2.0
2026-02-02,-0.17180001984116391,0.9265980531288978,-0.5060698368772941,0.5969552440156952,6.0
2026-02-03,-0.702149361325847,0.755873945943682,0.6370189829114726,0.7449270518021769,6.0
2026-02-04,-0.21246642206714803,1.0,-1.1058966425534602,1.0,1.0
2026-02-05,0.5371260572930685,0.387708351480837,-0.7645157413174517,0.8742436773253512,2.0
2026-02-06,-0.29801954529463004,0.9012742045824736,-0.4861316456800504,0.8089299359677369,4.0
2026-02-07,0.3285751068139715,0.44994400452104244,0.032106499696872216,0.5304192110049301,4.0
2026-02-08,-1.4105684282717654,1.0,0.03310369108965875,1.0,1.0
2026-02-09,-0.8294257332291938,1.8478268185985862,0.7978788366352315,0.9720823389487854,4.0
2026-02-10,1.33638819812974,1.0,1.5302087397430701,1.0,1.0
2026-02-13,0.03676605039469938,1.0816913808855702,0.6540763113470407,0.4435303581040802,2.0
2026-02-14,0.20992954900569114,0.7691180323719249,0.20583874077548456,0.45729756407948247,7.0
2026-02-15,-0.344866683954337,0.38693209804782885,-0.9698709035393915,0.9357652245319215,3.0
2026-02-16,-0.560866142012115,0.8869015608650261,0.40316706238881006,1.0973359507181026,8.0
2026-02-17,-0.024284397204984945,0.7420269050297865,0.6465003505511496,0.5373689072831671,11.0
2026-02-18,-0.06676105954865695,1.2306626684717556,0.053701523821474945,0.5423057117749778,13.0
2026-02-19,-0.46052088353487747,0.8838052886786075,-0.07365236429053205,1.1286865215151995,6.0
2026-02-20,0.0947563566863915,0.5349334057274963,-0.2691764203395481,0.7616488576348996,6.0
2026-02-21,0.02246510831987618,0.6343372173268353,-0.636215268221749,0.7428148753635303,8.0
2026-02-22,0.34567522507415316,1.2973931615852747,-0.011163454056529234,1.1795633046415155,7.0
2026-02-23,-0.1349926766736597,0.7990396311293493,0.04706989122436905,1.0929771678244957,21.0
2026-02-24,0.09313796979037679,0.7201556899772326,-0.3338626100382874,1.1214387161346615,19.0
2026-02-25,0.578194089616205,1.3493092417429706,0.3845271010215154,0.9636693464973419,11.0
2026-02-26,0.06374820844359211,1.2169042777848096,0.13263316984718546,1.2412165034679046,10.0
2026-02-27,-0.032719109101463584,1.104412436275319,-0.10401051686473008,1.4161114072457146,7.0
2026-02-28,0.006977811314841764,0.5365575348722603,-0.5644107756902792,0.8290772179467616,3.0
2026-03-01,-0.13435434894050224,0.01821933588385018,-0.15652711993073437,0.7539721896829125,2.0
2026-03-02,-0.329056347451239,0.6394288113882131,-0.8476427470739291,1.019645100947185,4.0
2026-03-03,-0.5136520153223899,1.0,0.45344838520593106,1.0,1.0
2026-03-04,-0.16771304958860755,1.2600544101942832,-0.23775964315201187,0.9091069865405106,13.0
2026-03-05,-0.2490803028323505,1.005765553038438,-0.43209998240129754,0.823527014246282,4.0
2026-03-06,0.4908240892078222,1.0,0.6578180288588831,1.0,1.0
2026-03-08,-0.03519197882039018,0.33635809960422286,-0.2651937159857931,1.284964274725314,3.0
2026-03-09,0.49087052935553316,1.0957967322252793,-0.505799962439407,0.04000396905208398,2.0
2026-03-10,0.7978257121133683,1.836276053551612,0.0250315775516744,1.9828953887016172,2.0
2026-03-11,0.7585110791541086,1.0377833934139824,0.03284670760848373,1.0811506364159713,6.0
2026-03-12,0.30520974636776566,1.0959220163473844,0.0009684145712267889,0.4005749953472462,2.0
2026-03-13,0.09222132081139471,0.09370292198274666,0.060988489356957956,0.21750196736644364,2.0
2026-03-14,0.029381784408159084,1.8290136633466063,0.6221472644809171,0.19501934912890875,2.0
2026-03-15,0.6451960774538184,1.7754245943083369,1.045133359378496,0.9864223652217773,4.0
2026-03-16,0.6899015446312664,1.0,0.5646371801231143,1.0,1.0
2026-03-17,-3.207550735266811,1.0,1.4843980107205028,1.0,1.0
2026-03-19,-0.18121154969290185,0.08448542468273251,-1.5613389207749147,0.12295007677806068,2.0
2026-03-20,-0.14674774662132525,0.5361937045192987,-0.9974204203017346,0.5113618156779616,2.0
2026-03-21,-1.7054599206568684,1.0,0.42482338255422347,1.0,1.0
2026-03-22,0.9922410176934213,1.0,0.12783058008135192,1.0,1.0
2026-03-23,0.1262374469279782,1.0,0.35695591018930517,1.0,1.0
2026-03-24,-0.10165822958924359,1.0,2.7755010613288094,1.0,1.0
2026-03-25,0.8286185642251493,2.7295005439459077,0.1682900411430328,0.7035789523012596,3.0
2026-03-26,0.4251648426167301,0.7073254056192535,-0.7302547153740163,0.6447821275041776,3.0
2026-03-27,0.006369829815180861,1.347793586383015,0.6596436181778074,0.9511927704422328,7.0
2026-03-28,-0.15002514842132902,0.6689848982859772,-0.2414772519834681,0.759353251380227,7.0
2026-03-29,-0.050414587751875545,0.8260531552856177,0.4016978627777254,1.2953908456830747,4.0
2026-03-30,0.1866583335982988,1.0432155273758275,-0.6220645709626165,0.878010368842904,4.0
2026-03-31,0.06825679506174978,0.7442434518130189,0.17379387747784086,1.1159431131875308,4.0
2026-04-01,1.0356634551893154,0.9814907080952205,0.18365694489773637,0.6563386486127303,11.0
2026-04-02,0.22181190570654352,0.5104111267398457,0.07064889504926754,0.7488976664317477,9.0
2026-04-03,-0.25811352155871414,0.16549059203594882,-0.996115109200103,1.5068079674786836,2.0
2026-04-04,0.26737612983902975,0.611248724011103,-0.2220471448760935,0.5295374103239552,7.0
2026-04-05,0.307256111719906,0.3481084979373122,0.31203184551663926,0.12771433578612057,3.0
2026-04-06,-0.3078710511142077,0.5655315598919924,0.3907191922378024,0.7798563471054308,6.0
2026-04-07,0.11952268877692244,0.7160227740885956,-0.003114488736169337,0.7611873957414215,6.0
2026-04-08,0.3991508024406895,2.159830194524339,0.8340000849117706,0.7529617399227185,8.0
2026-04-09,-0.3712768407946115,0.7750159904739816,-0.21144704162905298,0.7904383046698515,10.0
2026-04-10,-0.47198551267729827,1.2374362619746309,0.26127116721631727,0.9267805817341228,8.0
2026-04-11,-0.4386053753130823,0.5144593612488817,-0.149709634673045,0.8556081064790152,8.0
2026-04-12,0.06619686803033685,1.1425829502390903,-0.5048715737708916,1.165609140696377,7.0
2026-04-13,0.10814564072583358,1.0564939883866453,-0.30034218749075114,0.8812076690086967,5.0
2026-04-14,-0.13455333027937233,0.23372219368641534,0.14622193191009497,1.2191446838958342,4.0
2026-04-15,-0.12381988219194699,0.3294251865307202,-0.993645983325574,0.7094148815628111,7.0
2026-04-16,0.9922410176934213,1.0,-0.36436457348388057,1.0,1.0
2026-04-17,0.45619316973874396,0.9379469005314715,-0.019078728295328185,1.088823501791732,10.0
2026-04-18,0.038592445086227736,1.8446893543253458,0.135194067389594,0.43206553346858195,4.0
2026-04-19,0.5042990038425421,1.1260979667416255,-0.3184829476716789,0.8963776346793794,8.0
2026-04-20,0.04234769885510608,0.8545123408241784,-0.37389199639112336,0.9004938484438787,17.0
2026-04-21,-0.2704857288051339,0.2925277443275287,-0.8318806869933217,0.990072094730047,6.0
2026-04-22,0.6780963540666548,1.284799035779149,0.9100979414218131,0.8542119681621302,5.0
2026-04-23,-0.04220093582975304,0.727320488878968,-0.22862295451612735,0.964018072275618,5.0
2026-04-24,-0.49638600155000945,0.8790399450019938,0.09037016389913143,0.7770940323099101,6.0
2026-04-26,0.06855060321984308,0.7472483529393388,0.03572383529574639,0.5884257299420546,5.0
2026-04-27,-0.45137513383275735,0.762443853689413,-0.3696377667166189,0.9128178543566547,7.0
2026-04-28,-1.1833092297692593,1.9180711074731782,0.69867784363359,1.1393667332780169,6.0
2026-04-29,-0.07761542565317574,1.3198439141995086,0.11562578859013091,0.9444369396088741,9.0
2026-04-30,-0.12378766644106094,0.6534374160215375,-0.0017741755261276194,1.5490775861912036,5.0
2026-05-01,0.3419698026679609,0.44819658330940537,0.1454136217564053,1.7529511734650598,4.0
2026-05-02,-0.7999257384310096,0.5741908754898079,0.06461438883869004,0.9958839582604297,10.0
2026-05-03,-0.15714391659222443,0.05044865153753486,-1.7700722640078277,0.17224344814140316,2.0
2026-05-04,0.08073997607575405,1.0,0.7020403949752998,1.0,1.0
2026-05-06,0.05801192086687458,1.306131156338809,0.6307544633739154,0.58556057856545,4.0
2026-05-07,0.627973360290329,0.7912424658300125,-0.12041491018092791,0.6948228083831471,3.0
2026-05-08,-0.37939879652854414,1.1075755559100173,-0.262800623906383,0.8471437421705859,8.0
2026-05-09,-0.9507271181295914,1.5208839556131533,-0.3684382810243495,1.9338773174096013,5.0
2026-05-10,-0.19040700653288578,0.33526460137687536,-0.1338369886094255,1.36078798915857,3.0
2026-05-11,0.3054775886622366,0.6087665755072872,-0.5770633655863651,1.1348927137763865,4.0
2026-05-12,0.2786396397716969,1.6511453985372742,0.43299246759178456,1.4200728602049053,5.0
2026-05-13,-0.8156046996203058,1.450576781831604,0.8704204655805889,0.7256303384410204,3.0
2026-05-14,-0.3576418116331345,1.1425836391106345,0.8580511136817686,0.39320205028114713,3.0
2026-05-15,-0.4501343553021163,0.365041650504825,-0.25301185445845137,0.5184556191889003,4.0
2026-05-16,-0.08436260810426312,0.5073659390188141,-0.8962514517573712,0.6192941554357305,5.0
2026-05-17,-0.25124999259029585,0.4760040338898836,-0.7801997097256979,0.4280638131761063,2.0
2026-05-18,-0.24095176639748733,1.0,-1.2394802231287383,1.0,1.0
2026-05-19,0.2178555411963718,0.5632885771415456,0.029093258100174588,0.12498936571624093,2.0
2026-05-20,0.5492404729212356,0.19535017061346466,-0.22786292485460372,0.17304049825176818,2.0
2026-05-21,0.4309781598691137,0.4677333571056545,0.164667320982448,1.1050432360370792,5.0
2026-05-22,0.5742645939742398,0.47941235136205074,-0.20224214735908405,0.84287059626264,3.0
2026-05-23,-0.01269102223062903,0.7236426908733167,-0.15875350553683268,1.7546572602210908,5.0
2026-05-24,-0.6628571534322898,0.4466576211097899,0.3240539756206444,0.5243283192732392,4.0
2026-05-25,0.34239832299442796,0.7746479121761535,0.31215484848587194,0.5333661059126203,8.0
2026-05-26,0.32353900659303914,2.1238875460065056,1.357807693215618,0.3570976386219503,4.0
2026-05-27,0.48619501806916327,1.9501645209244995,0.29016927169761164,1.2224586571250542,8.0
2026-05-28,0.3326602137958352,0.9487287146870986,-0.38017207521789836,0.8550745461055652,5.0
2026-05-29,-0.5288431938853667,0.7484286105603,-0.6538180189155384,0.23547782497208614,3.0
2026-05-31,-0.12231538527067402,0.7245972024425777,-0.22023219746538447,0.9485621405172092,5.0
2026-06-01,0.15813717035767635,1.2844042592070697,-0.07515836908963233,1.0116180595092723,5.0
2026-06-02,0.3825243384837664,0.8042030161105038,-0.5598145299490188,1.1035759539431225,4.0
2026-06-03,0.4093333533048686,1.0,1.3348183581103659,1.0,1.0
2026-06-04,-0.6711081026792272,1.0,-0.5518127770968204,1.0,1.0
2026-06-06,-0.8347598209799623,1.4930112117232146,-0.3769320717240137,1.1087621938420336,8.0
2026-06-07,-0.7407220952992613,0.7311658669418549,0.03941519674057586,1.0675887896551135,9.0
2026-06-08,0.063731398204694,0.8491752311385146,0.01775742362467396,1.0218546004049227,12.0
2026-06-09,-0.5535991642882102,0.36465629411293327,-0.9921319688117372,0.6740413504051391,5.0
2026-06-10,-0.08814957504693216,0.6193453531311723,-0.6475343658302448,1.207706937159416,8.0
2026-06-11,-0.009001048424607718,0.8130967624839124,-0.846451791848811,1.0586470087052193,9.0
2026-06-12,0.014636211803733446,0.6034265205203052,-0.019926203883986738,0.8425383944271132,5.0
2026-06-13,-0.19140592371407705,0.6453619876557752,0.20297520645369374,0.9560314164739137,3.0
2026-06-14,0.8178217987780938,0.08512988402526707,-0.844646124844423,0.24845691992116345,2.0
2026-06-15,0.9450242920209878,1.6772234264651937,0.418202603429809,2.391778515232194,2.0
2026-06-16,0.308189692553483,1.3860231021786718,0.5351985412323091,0.8364624593896695,6.0
2026-06-17,0.3835649877632065,0.2791029585211652,0.377568169739597,0.9838140609418042,5.0
2026-06-18,0.35412475628808454,3.53981768984013,1.4318333241858658,0.45521005253981117,3.0
2026-06-19,0.5410115194828704,0.7431930393967983,0.8288458601667463,1.0776973699882504,5.0
2026-06-20,-0.6936851327342818,1.3068540496343615,0.6878866526237079,0.19491429927248272,3.0
2026-06-21,0.1132996890301643,0.7697864988827903,0.3271846932279576,0.5442543211459591,4.0
2026-06-22,-0.1069124751030376,0.4125701185597322,0.3163373664603814,0.2529455727928914,3.0
2026-06-23,-0.29621005491671537,0.6996949524627922,0.14803266588210126,1.0879374387087917,5.0
2026-06-24,0.4762467823691677,0.6997943161499095,0.17366531793373424,0.7835328359465481,10.0
2026-06-25,0.9204371191031109,1.0001274365797213,0.792809462530093,0.9656723211670033,18.0
2026-06-26,0.19885797280915987,0.38612364972533164,-0.4099682133583168,0.5443516719750398,7.0
2026-06-27,-0.5029130797696262,1.053893593846082,0.435976644138746,1.082729699579115,6.0
2026-06-28,-0.3074616475786218,0.46153291648932726,0.28993900042789617,0.7106965636677925,3.0
2026-06-29,0.17097858343883524,0.9671359762292588,0.5400241569069384,1.0707647171232615,9.0
2026-06-30,-0.5377467235896274,0.7279858670326935,-0.33589427967221963,0.7440507874799813,7.0
2026-07-01,-0.2925681726339308,0.8699718558560532,-0.17516994908480218,1.0466313771383884,11.0
2026-07-02,-0.35239266433715066,0.9418454027088377,0.1375258341274095,0.9472635350328247,14.0
2026-07-03,0.4813660174115223,0.7227845018156869,0.2599342774136953,1.352836056391363,9.0
2026-07-04,-0.33878519687341646,0.2826698540172953,0.618615824362682,0.6917131750953037,4.0
2026-07-05,-0.08885858001463835,1.3223156106636809,0.4585174057104709,0.7390041930509029,3.0
2026-07-06,0.20462568362063224,0.239237175984907,0.8446962726707893,0.7097880230363016,3.0
2026-07-07,-0.36872605331234354,0.8041578248120932,0.5467000467802207,0.9321187977382898,6.0
2026-07-08,0.12119302931616839,0.8656451294198656,-0.23142612288420827,1.0523842802689414,7.0
2026-07-09,-0.45067150088086344,0.605989377163328,0.04052312499469768,1.7176304359819299,4.0
2026-07-10,-0.17669606184914835,0.7158124628491719,0.40705553195279304,0.8542252358934265,7.0
2026-07-11,0.4234345745354115,0.5119208900253712,0.45779824756319937,0.6560062918360494,4.0
2026-07-12,-0.3253111863554658,0.8867737134257745,-0.2029485004756425,1.5075162867229202,3.0
2026-07-13,0.1710167962246823,0.7275354961019557,-0.07193159652776315,0.5552997383247326,5.0
2026-07-14,1.204943649109495,1.6964584366399185,-0.08149379557282722,2.1356275398046933,3.0
2026-07-15,-2.31476765986901,1.0,0.7681123641895627,1.0,1.0
2026-07-16,-0.5083281868813139,2.5846930653072393,1.4252715943692138,0.7191602085056665,2.0
2026-07-17,-0.3893080591236296,0.6105708897835462,0.147670197815381,0.9014425538718936,4.0
2026-07-18,0.11853618648640125,1.0,-0.9911363662563637,1.0,1.0
2026-07-19,-0.11382464415552894,0.8840867028065535,-0.5485092184351887,1.0092926602525443,12.0
2026-07-20,-0.9862948430477101,1.093118094489018,0.010163626079197685,0.44249510819753113,4.0
2026-07-21,0.44513694920817864,1.3691381466104158,0.679110745800465,1.490961119138887,5.0
2026-07-22,-0.0449448895369756,0.41058034560069245,0.04243961141677326,1.1772414418402422,5.0
2026-07-23,0.7972697052755326,1.0313307448638938,0.07528613876203252,0.3997822181482819,2.0
2026-07-24,0.5044709677738384,0.7684300770059304,-0.5102235720772567,0.844392024806465,3.0
2026-07-25,0.7517337706244231,0.1495529068329644,-0.15125088788354643,0.5967554061297996,2.0
2026-07-26,-0.749179880378439,1.7289113371175517,0.4451724574354994,0.04582333153477832,2.0
2026-07-27,0.8932617815877463,1.0,0.3227023329192657,1.0,1.0
2026-07-28,-0.3062564945433566,0.4720041028084736,-0.051024858808520965,1.1726691779524374,5.0
2026-07-29,1.0051722994043941,1.0517928851732532,0.026326811988527925,1.3127722265395503,4.0
2026-07-30,-0.7178718163494648,1.82633554111966,0.36279153578095763,0.9794507039569713,8.0
2026-07-31,0.6444752293982239,0.7732284958718064,0.17544594618537923,0.5951554207621113,7.0
2026-08-01,0.08421651009437357,0.7207744591470879,0.32913762816432535,0.691728985359464,5.0
2026-08-02,0.4945874273219224,0.47018726443948544,0.5852427554827746,0.24185593679649967,3.0
2026-08-03,0.3765586388813886,0.5416516675730523,-0.21314338005510108,1.2161061883754558,14.0
2026-08-04,0.14589174258202875,0.713255639490214,-0.2930223677903103,1.0930273966068818,8.0
2026-08-05,0.5488633164968332,0.12162632725751425,-0.19934568699525335,0.8128832041546986,3.0
2026-08-06,0.16201171028871816,0.7490407275499719,0.28299715211694004,0.8815353798917702,12.0
2026-08-07,-0.1373713617272347,0.7340318955043745,-0.6768478379783468,0.8106895799739026,8.0
2026-08-08,0.6442825211843195,0.8000056789508667,-0.3761623790793654,0.52798549861144,2.0
2026-08-09,-0.5555975843815676,0.9772124052918062,-0.2853453943654831,1.2601778710299985,3.0
2026-08-10,0.5501024950423343,0.4753678871870201,-0.18687189455982967,0.6046895855889599,8.0
2026-08-11,0.3956487767279311,0.7454307176397009,-0.04290150033203014,0.35146443745310635,3.0
2026-08-12,-0.9232000509398238,0.9648447769055507,-0.333111542594733,1.6140257391223007,2.0
2026-08-13,-0.40514605510913243,0.5763662775122065,0.1558204241065817,0.8863205611127855,5.0
2026-08-14,-0.18218124241126346,0.4574861766365156,0.1817394154098755,0.25622522059781594,2.0
2026-08-15,-0.6110948618391315,1.1560891830161024,0.5175133299445557,1.0126346777735913,7.0
2026-08-16,-0.17644998567161618,1.3004115880872125,0.502059828403543,0.6167870498684123,5.0
2026-08-17,0.11090063662356908,0.9582412999058398,0.24797231053144198,1.1023748773714412,2.0
2026-08-18,-0.9884065138146725,1.3218485256815682,1.2027642017060116,0.05825731697816824,2.0
2026-08-19,0.6708923569760671,0.7955969724982774,0.3601585667381477,1.2095289173330803,3.0
2026-08-20,-0.5547670230957864,1.3891415542640437,0.6772226240925411,0.175909999578561,3.0
2026-08-21,-0.08363356330153612,0.7693186051016632,0.6397749430779152,0.7669691714834331,2.0
2026-08-23,-0.013756607532325604,0.9339828926397342,-0.39749838653266734,0.30978343067521175,2.0
2026-08-24,-0.6303970486883665,1.0,-0.38705671440464146,1.0,1.0
2026-08-25,-2.165872444782242,1.0,-0.02078228595695637,1.0,1.0
2026-08-26,0.23054564608716863,0.39772487236656195,-0.46436053591277954,1.0066498973519615,3.0
2026-08-27,-0.8015169454525408,1.0,0.905307631678134,1.0,1.0
2026-08-28,-0.6532676305984061,0.8697376584857278,-0.41786425689140216,1.2826317509568987,4.0
2026-08-30,-0.7335216345304582,0.8655698372954393,-0.5518930789107186,1.5505220768235335,2.0
2026-08-31,-0.15535939666322815,1.0,0.4241359609390999,1.0,1.0
2026-09-01,-0.6403828251573636,1.0,-1.2059202424703095,1.0,1.0
2026-09-02,-0.2821513879325686,1.0,-1.3184057080772282,1.0,1.0
2026-09-03,1.9107523231055916,1.0,1.8880470915941667,1.0,1.0
2026-09-06,-0.12147133298831636,1.0,-1.648277753812088,1.0,1.0
2026-09-07,0.7387974244555983,1.0,-0.23788742065335425,1.0,1.0
2026-09-08,0.3840569396718597,1.0,0.15965928371667198,1.0,1.0
