,phrase,label,sentiment,subjectivity,language,count
Romania,,,,,,
Europe,,,,,,
Bucharest,,,,,,
France,,,,,,
US,,,,,,
Japan,,,,,,
Venezuela,,,,,,
Russia,,,,,,
Italy,,,,,,
Germany,,,,,,
China,,,,,,
Spain,,,,,,
Philippines,,,,,,
Moldova,,,,,,
Indonesia,,,,,,
Portugal,,,,,,
Iran,,,,,,
Ukraine,,,,,,
Transylvania,,,,,,
Vrancea,,,,,,
Greece,,,,,,
the United States,,,,,,
New York,,,,,,
Danube,,,,,,
Oltenia,,,,,,
Muntenia,,,,,,
Mediterranean,,,,,,
Western Europe,,,,,,
Dobrogea,,,,,,
Transalpina,,,,,,
Paris,,,,,,
Hungary,,,,,,
Crete,,,,,,
UK,,,,,,
Tokyo,,,,,,
Chile,,,,,,
India,,,,,,
Peru,,,,,,
Brașov,,,,,,
Tehran,,,,,,
Slatina,,,,,,
Budapest,,,,,,
Hawaii,,,,,,
Timiș,,,,,,
Rhine,,,,,,
Banat,,,,,,
England,,,,,,
Arad,,,,,,
Făgăraș,,,,,,
Caracas,,,,,,
Vrancea county,,,,,,
Sicily,,,,,,
California,,,,,,
South Korea,,,,,,
the Middle East,,,,,,
Brazil,,,,,,
United States,,,,,,
Suceava,,,,,,
Britain,,,,,,
the Republic of Moldova,,,,,,
Turkey,,,,,,
Maramureș,,,,,,
Craiova,,,,,,
Earth,,,,,,
Mexico,,,,,,
Netherlands,,,,,,
Tenerife,,,,,,
the Făgăraș Mountains,,,,,,
Făgăraş,,,,,,
Ilfov county,,,,,,
Pakistan,,,,,,
America,,,,,,
Israel,,,,,,
Moscow,,,,,,
Sibiu,,,,,,
Austria,,,,,,
Bulgaria,,,,,,
Australia,,,,,,
Tuapse,,,,,,
USA,,,,,,
Bucegi,,,,,,
Nepal,,,,,,
the Pacific Ocean,,,,,,
Hokkaido,,,,,,
Termoenergetica,,,,,,
Buzău county,,,,,,
Galati,,,,,,
Atlantic,,,,,,
Kiev,,,,,,
Himalayas,,,,,,
Central,,,,,,
Eastern Europe,,,,,,
Suceava county,,,,,,
Taiwan,,,,,,
Croatia,,,,,,
Canada,,,,,,
the Mediterranean Sea,,,,,,
Lupeni,,,,,,
Belgium,,,,,,
the Southern Carpathians,,,,,,
Black Sea,,,,,,
Great Britain,,,,,,
Serbia,,,,,,
Pacific,,,,,,
Carpathians,,,,,,
Bucegi Mountains,,,,,,
El Nino,,,,,,
Angola,,,,,,
Dolj,,,,,,
Ankara,,,,,,
Naples,,,,,,
São Paulo,,,,,,
Vulcan,,,,,,
Arctic,,,,,,
Bâlea Lac,,,,,,
the Korean Peninsula,,,,,,
Asia,,,,,,
Hong Kong,,,,,,
the Vrancea seismic zone,,,,,,
Găneasa,,,,,,
El Niño,,,,,,
the Rodnei Mountains,,,,,,
North Korea,,,,,,
Tuscany,,,,,,
London,,,,,,
earth,,,,,,
Poland,,,,,,
Greenland,,,,,,
Washington,,,,,,
Crișana,,,,,,
Livezeni,,,,,,
Seville,,,,,,
Argentina,,,,,,
Tulcea county,,,,,,
Chernobyl,,,,,,
the Black Sea,,,,,,
Oradea,,,,,,
the Indian Ocean,,,,,,
the Strait of Hormuz,,,,,,
Vâlcea county,,,,,,
west,,,,,,
Norway,,,,,,
Dolj county,,,,,,
Mogoș,,,,,,
Sălciua,,,,,,
Grădiștea,,,,,,
Mount Fuji,,,,,,
Chongqing,,,,,,
Ternate,,,,,,
Horezu,,,,,,
Brasov,,,,,,
Bosnia,,,,,,
Nice,,,,,,
Dubai,,,,,,
the United Arab Emirates,,,,,,
Cyprus,,,,,,
Gorj county,,,,,,
Yemen,,,,,,
Întregalde,,,,,,
the Bucegi Massif,,,,,,
Somalia,,,,,,
Petrăchioaia,,,,,,
Tibet,,,,,,
Cincinnati,,,,,,
South Africa,,,,,,
North Africa,,,,,,
Bucium,,,,,,
Belgorod,,,,,,
Paks,,,,,,
Kefalonia,,,,,,
Uttar Pradesh,,,,,,
Koblenz,,,,,,
the Bucegi Plateau,,,,,,
the South Pole,,,,,,
Niscemi,,,,,,
Gorj,,,,,,
Tisău,,,,,,
Rio de Janeiro,,,,,,
Bihor,,,,,,
Harghita,,,,,,
Louvre,,,,,,
Congo,,,,,,
Kumamoto,,,,,,
​​the Tyrrhenian Sea,,,,,,
Everest,,,,,,
Constanța county,,,,,,
Balkans,,,,,,
Caribbean,,,,,,
Switzerland,,,,,,
Mureș,,,,,,
Belgorod region,,,,,,
Buzau county,,,,,,
Oklahoma,,,,,,
Brăila,,,,,,
Slatina-Timiș,,,,,,
Olt,,,,,,
U.S.,,,,,,
Eforie Nord,,,,,,
Typhoon Dolphin,,,,,,
Mississippi,,,,,,
Alaska,,,,,,
Dukono,,,,,,
Beijing,,,,,,
Bistrita-Năsăud,,,,,,
Africa,,,,,,
the Apuseni Mountains,,,,,,
Queensland,,,,,,
Easter,,,,,,
Hunedoara,,,,,,
Hunedoara county,,,,,,
Istanbul,,,,,,
Saint Petersburg,,,,,,
Iasi,,,,,,
the Jiului Valley,,,,,,
Kosovo,,,,,,
Denmark,,,,,,
Constanța,,,,,,
Tirana,,,,,,
the United Kingdom,,,,,,
the Soviet Union,,,,,,
New Zealand,,,,,,
Morocco,,,,,,
Iceland,,,,,,
Lebanon,,,,,,
Dagestan,,,,,,
Libya,,,,,,
Isărescu,,,,,,
Moldovan,,,,,,
Milan,,,,,,
Cuba,,,,,,
the United States of America,,,,,,
Cluj,,,,,,
Sulawesi,,,,,,
Tibleș,,,,,,
Maine,,,,,,
Camp Viking,,,,,,
Kamchatka,,,,,,
Dascălu,,,,,,
South Korea's,,,,,,
Alps,,,,,,
Scandinavia,,,,,,
Kashmir,,,,,,
Kamceatka Peninsula,,,,,,
Warsaw,,,,,,
Ialomița county,,,,,,
Rodna,,,,,,
Colorado,,,,,,
Weather Europe,,,,,,
Guangxi,,,,,,
Bergamo,,,,,,
Gansu province,,,,,,
the Rodna Mountains,,,,,,
Holland,,,,,,
the North Atlantic Ocean,,,,,,
Independence,,,,,,
Prahova County,,,,,,
Ghana,,,,,,
Colombia,,,,,,
Mexico City,,,,,,
Maramureș county,,,,,,
Borșa,,,,,,
Chiba,,,,,,
Curaçao,,,,,,
Aomori Prefecture,,,,,,
Hashikami,,,,,,
Foggia,,,,,,
Palu,,,,,,
Sulawesi island,,,,,,
Brussels,,,,,,
Colombo,,,,,,
ASE Bucharest,,,,,,
Brasilia,,,,,,
Bundeswehr,,,,,,
the City of Bucharest,,,,,,
West Germany,,,,,,
Vaslui County,,,,,,
the Simila River,,,,,,
Havana,,,,,,
aurora borealis,,,,,,
Paltinu,,,,,,
Focșani,,,,,,
Antarctica,,,,,,
The United States,,,,,,
Oklahoma City,,,,,,
the Rocky Mountains,,,,,,
Venice,,,,,,
Aruba,,,,,,
Egypt,,,,,,
Bonaire,,,,,,
Texas,,,,,,
Galati County,,,,,,
West,,,,,,
Sazan Island,,,,,,
Albania,,,,,,
Salt Lake City,,,,,,
Utah,,,,,,
Evia Island,,,,,,
Evia,,,,,,
Rab,,,,,,
Noriel,,,,,,
Zakynthos,,,,,,
Vardousia Mountains,,,,,,
the Vardousia Mountains,,,,,,
New Jersey,,,,,,
Northeast,,,,,,
Great Lakes,,,,,,
North Korea's,,,,,,
Slovakia,,,,,,
Mount Everest,,,,,,
Braşov,,,,,,
the East China Sea,,,,,,
Kagoshima,,,,,,
Eurovision,,,,,,
Wellington,,,,,,
Antarctic,,,,,,
Vienna,,,,,,
Sălaj,,,,,,
Râmeț,,,,,,
Adelboden,,,,,,
east coast,,,,,,
West London,,,,,,
Transnistria,,,,,,
Pavilion B2,,,,,,
Pomas,,,,,,
the Gulf of Aden,,,,,,
Nicosia,,,,,,
northeast coast,,,,,,
Gulf of Aden,,,,,,
the Lhende Khola River,,,,,,
Țarcu,,,,,,
North America,,,,,,
Țarcu-Godeanu,,,,,,
Kaub,,,,,,
Omis,,,,,,
Siviri,,,,,,
the Halkidiki peninsula,,,,,,
Cernavodă,,,,,,
Cara county,,,,,,
Timiș county,,,,,,
Motru river,,,,,,
Neamț County,,,,,,
Neamț county,,,,,,
Minnesota,,,,,,
Talaud Islands,,,,,,
Nicolae,,,,,,
Pitesti,,,,,,
Myrtos beach,,,,,,
Capital,,,,,,
Moldavia,,,,,,
the Banat Mountains,,,,,,
the Eastern Carpathians,,,,,,
Rotterdam,,,,,,
Wenzhou,,,,,,
Mindanao,,,,,,
Rocky Mountain National Park,,,,,,
Timisoara,,,,,,
Șau Șugareil,,,,,,
the Refuge of Hope,,,,,,
Zamora,,,,,,
the Bucovina Slope,,,,,,
Bucovina Slope,,,,,,
Bistrita-Năsăud county,,,,,,
Suffolk,,,,,,
Sizewell,,,,,,
the hydro basin,,,,,,
Paros,,,,,,
Crisana,,,,,,
the Atlantic Ocean,,,,,,
the Gironde region,,,,,,
the Mayon volcano,,,,,,
Kazakhstan,,,,,,
Ialomița,,,,,,
Varna,,,,,,
Berlin,,,,,,
Black Pentecost,,,,,,
Bogza,,,,,,
the ridge area,,,,,,
Pompeii,,,,,,
the Western Carpathians,,,,,,
Sadu,,,,,,
Persian Gulf,,,,,,
Apuseni,,,,,,
East Coast,,,,,,
Tatar,,,,,,
Câmpina,,,,,,
Rhode Island,,,,,,
Reunion,,,,,,
Massachusetts,,,,,,
Bali,,,,,,
ISLAMABAD,,,,,,
Cluj County,,,,,,
Kaspiysk,,,,,,
Gibellina,,,,,,
New Glenn,,,,,,
Iezer,,,,,,
Hotăranu,,,,,,
Iași,,,,,,
Crete Island,,,,,,
Zacatecas,,,,,,
Tamaulipas,,,,,,
Doggerland,,,,,,
the North Sea,,,,,,
Mureș county,,,,,,
Râciu commune,,,,,,
the Vrancea area,,,,,,
Michoacán,,,,,,
the Curvature Carpathians,,,,,,
the Sanriku Coast,,,,,,
Sanriku,,,,,,
the north coast,,,,,,
the Western Mountains,,,,,,
Mahackala,,,,,,
Bali island,,,,,,
South,,,,,,
Șureanu,,,,,,
Middle East,,,,,,
Tver,,,,,,
Estonia,,,,,,
the Shark Bay region,,,,,,
Teleorman county,,,,,,
Cernetu,,,,,,
​​the city,,,,,,
Devesel,,,,,,
Tel Aviv,,,,,,
Beirut,,,,,,
the Postăvarul massif,,,,,,
Herăstrău,,,,,,
the Canary Islands,,,,,,
Gasteig,,,,,,
Missouri,,,,,,
the Șureanu Ski Area,,,,,,
Manado,,,,,,
Caraș-Severin,,,,,,
the Moluccas Sea,,,,,,
Iraq,,,,,,
the Timiș River,,,,,,
Novaci,,,,,,
Cârlibaba,,,,,,
Minas Gerais,,,,,,
MAP,,,,,,
PSG,,,,,,
Jamaica,,,,,,
​​the Mediterranean Sea,,,,,,
the Făgăraş Mountains,,,,,,
Teher,,,,,,
Northern Bucovina,,,,,,
the Molucca Sea,,,,,,
​​the Făgăraș Mountains,,,,,,
Porta Venezia,,,,,,
Jalisco,,,,,,
Sarabetsu,,,,,,
Victoria,,,,,,
vineyards,,,,,,
"Yildirimhan ""Lightning",,,,,,
Maramureş,,,,,,
the United States Geological Survey,,,,,,
Calama,,,,,,
The United Kingdom's,,,,,,
the Western Hills,,,,,,
​​the Caraiman massif,,,,,,
Brâna Mare,,,,,,
the Caraiman Massif,,,,,,
Der,,,,,,
Daniel,,,,,,
Bhopal,,,,,,
Gaza,,,,,,
northwest Africa,,,,,,
the Capital MAP,,,,,,
Eur,,,,,,
Eskimos,,,,,,
Courmayeur,,,,,,
Vernești,,,,,,
Lisima Plateau,,,,,,
the Brașov City Hall,,,,,,
Prahova county,,,,,,
Bacău,,,,,,
the Băile Felix,,,,,,
Los Angeles,,,,,,
Frankfurt,,,,,,
Calabria,,,,,,
Băile Felix,,,,,,
Arc,,,,,,
east,,,,,,
Mora,,,,,,
Cadiz,,,,,,
the Kingdom of Morocco,,,,,,
Tangier,,,,,,
Nevada,,,,,,
Kyiv,,,,,,
Krasnodar,,,,,,
Pisa,,,,,,
Elizabethan,,,,,,
Dinamo,,,,,,
Piatra Craiului,,,,,,
Nara Prefecture,,,,,,
the Bucegi Mountains,,,,,,
the Coștelei Valley,,,,,,
the Costilei Valley,,,,,,
Slatina-Timiș commune,,,,,,
Caransebeș,,,,,,
​​20,,,,,,
Wales,,,,,,
Băicoi,,,,,,
the United Mexican States,,,,,,
​​the Bucegi Massif,,,,,,
the Braşov County Rescue Service,,,,,,
Lucca,,,,,,
Friuli,,,,,,
west coast,,,,,,
Sierra Nevada,,,,,,
arctic,,,,,,
Dodeşti commune,,,,,,
Vaslui,,,,,,
Balkan Peninsula,,,,,,
Bistrița-Năsăud,,,,,,
Ialomiţa,,,,,,
Argeş,,,,,,
Bolzano,,,,,,
Desnătui,,,,,,
Red Square,,,,,,
Lonea,,,,,,
Ilfov,,,,,,
Buzău,,,,,,
Bucharest South,,,,,,
Valea Anieșului,,,,,,
Herzegovina,,,,,,
