,phrase,label,sentiment,subjectivity,language,count,gnd,geonames,geotype,latitude,longitude,continent,country,ipcc
Romania,Romania,GPE,0.03835135,0.40303764,en,139.90000000,4050939-4,798549,A,46.00000000,25.00000000,EUROPE,Romania,WCE
Europe,Europe,LOC,0.06030760,0.50811017,en,102.90000000,,0,,,,,,
Bucharest,Bucharest,GPE,-0.05375883,0.29634014,en,91.60000000,4008858-3,683506,P,44.43225000,26.10626000,EUROPE-AFRICA,Romania,MED
France,France,GPE,0.04140243,0.47608463,en,53.00000000,4018145-5,3017382,A,46.00000000,2.00000000,EUROPE,France,WCE
US,US,GPE,0.11808418,0.56361752,en,42.50000000,,0,,,,,,
Japan,Japan,GPE,0.07424644,0.28800781,en,35.90000000,4028495-5,1861060,A,35.68536000,139.75309000,ASIA,Japan,EAS
Venezuela,Venezuela,GPE,0.05037154,0.56506835,en,31.70000000,4062512-6,3625428,A,8.00000000,-66.00000000,SOUTH-AMERICA,Venezuela,NSA
Russia,Russia,GPE,-0.03895775,0.54634121,en,23.60000000,4076899-5,2017370,A,60.00000000,100.00000000,ASIA,Russia,ESB
Italy,Italy,GPE,0.04113537,0.42212067,en,21.10000000,4027833-5,3175395,A,42.83333000,12.83333000,EUROPE-AFRICA,Italy,MED
Spain,Spain,GPE,0.01535293,0.33730519,en,21.00000000,4055964-6,2510769,A,40.00000000,-4.00000000,EUROPE-AFRICA,Spain,MED
China,China,GPE,0.03575849,0.58324198,en,20.20000000,4009937-4,1814991,A,35.00000000,105.00000000,ASIA,China,EAS
Philippines,Philippines,GPE,-0.01897676,0.26520692,en,19.60000000,4045771-0,1694008,A,13.40882000,122.56155000,ASIA,Philippines,SEA
Moldova,Moldova,GPE,0.07270888,0.33733695,en,18.70000000,4039967-9,617790,A,47.25000000,28.58333000,EUROPE,Moldova,WCE
Indonesia,Indonesia,GPE,-0.02095376,0.47053629,en,17.30000000,4026761-1,1643084,A,-5.00000000,120.00000000,ASIA,Indonesia,SEA
Portugal,Portugal,GPE,-0.04265286,0.36217949,en,16.90000000,4046843-4,2264397,A,39.69450000,-8.13057000,EUROPE-AFRICA,Portugal,MED
Germany,Germany,GPE,0.03715761,0.48795617,en,16.90000000,4011882-4,2921044,A,51.50000000,10.50000000,EUROPE,Germany,WCE
Iran,Iran,GPE,-0.07495686,0.79482668,en,15.70000000,4027653-3,130758,A,32.00000000,53.00000000,ASIA,Iran,WCA
Transylvania,Transylvania,GPE,0.05877306,0.36154011,en,14.80000000,4054835-1,664661,L,46.50000000,25.00000000,EUROPE,Romania,WCE
Ukraine,Ukraine,GPE,-0.00657596,0.39480348,en,14.70000000,4061496-7,690791,A,49.00000000,32.00000000,EUROPE,Ukraine,WCE
Vrancea,Vrancea,GPE,-0.00697924,0.07319256,en,12.70000000,4250864-2,678015,P,45.70000000,27.18333000,EUROPE,Romania,WCE
the United States,the United States,GPE,-0.07864006,0.52499384,en,12.30000000,,0,,,,,,
Greece,Greece,GPE,0.11496552,0.33450429,en,12.20000000,4022047-3,390903,A,39.00000000,22.00000000,EUROPE-AFRICA,Greece,MED
New York,New York,GPE,0.09209040,0.46751412,en,11.80000000,4042011-5,5128581,P,40.71427000,-74.00597000,NORTH-AMERICA,United States,ENA
Muntenia,Muntenia,GPE,-0.04009662,0.41413043,en,11.50000000,4086818-7,11789170,L,44.19793000,27.33068000,EUROPE-AFRICA,Romania,MED
Oltenia,Oltenia,GPE,0.07119393,0.34569703,en,11.50000000,4110298-8,671834,L,44.50000000,23.50000000,EUROPE-AFRICA,Romania,MED
Mediterranean,Mediterranean,LOC,-0.05218104,0.43491462,en,11.20000000,,0,,,,,,
Danube,Danube,GPE,0.00905483,0.38606702,en,9.90000000,4012712-6,791630,H,45.33333000,29.66667000,EUROPE,Ukraine,WCE
Dobrogea,Dobrogea,GPE,0.03092105,0.11498538,en,9.50000000,4012571-3,679193,L,44.00000000,28.00000000,EUROPE-AFRICA,Romania,MED
Paris,Paris,GPE,0.04983396,0.37642728,en,9.10000000,4044660-8,2988507,P,48.85341000,2.34880000,EUROPE,France,WCE
Transalpina,Transalpina,LOC,0.28211233,0.51398046,en,9.10000000,,12032017,L,45.41718000,23.70497000,EUROPE,Romania,WCE
Western Europe,Western Europe,LOC,0.01216433,0.19998768,en,8.20000000,,0,,,,,,
Crete,Crete,GPE,0.08422256,0.32926829,en,8.20000000,4073791-3,258764,L,35.16667000,25.00000000,EUROPE-AFRICA,Greece,MED
Tokyo,Tokyo,GPE,0.20499419,0.68072009,en,8.20000000,4078337-6,1850147,P,35.68950000,139.69171000,ASIA,Japan,EAS
Chile,Chile,GPE,0.00548523,0.47679325,en,7.90000000,4009929-5,3895114,A,-30.00000000,-71.00000000,SOUTH-AMERICA,Chile,SWS
UK,UK,GPE,0.03767123,0.25114155,en,7.30000000,4022153-2,2635167,A,54.75844000,-2.69531000,EUROPE,United Kingdom,NEU
India,India,GPE,-0.22077626,0.62831050,en,7.30000000,4026722-2,1269750,A,22.00000000,79.00000000,ASIA,India,SAS
Peru,Peru,GPE,-0.14155251,0.45776256,en,7.30000000,4045312-1,3932488,A,-10.00000000,-75.25000000,SOUTH-AMERICA,Peru,NWS
Tehran,Tehran,GPE,-0.18327107,0.56995641,en,7.30000000,4059304-6,112931,P,35.69439000,51.42151000,ASIA,Iran,WCA
Slatina,Slatina,GPE,-0.03169014,0.08802817,en,7.10000000,4118695-3,666767,P,44.43333000,24.36667000,EUROPE-AFRICA,Romania,MED
Brașov,Brașov,GPE,-0.12500000,0.31250000,en,6.40000000,117661-4,683844,P,45.64861000,25.60613000,EUROPE,Romania,WCE
Hungary,Hungary,GPE,0.11159211,0.37389771,en,6.30000000,4078541-5,719819,A,47.00000000,20.00000000,EUROPE,Hungary,WCE
Banat,Banat,GPE,-0.02462963,0.38481481,en,6.00000000,4004408-7,6957933,A,45.50000000,21.00000000,EUROPE,Romania,WCE
England,England,GPE,0.10754093,0.35958725,en,5.80000000,4014770-8,11919979,L,44.00000000,-71.00000000,NORTH-AMERICA,United States,ENA
Caracas,Caracas,GPE,0.01565657,0.75505051,en,5.50000000,4009457-1,3646738,P,10.48801000,-66.87919000,SOUTH-AMERICA,Venezuela,NSA
Timiș,Timiș,GPE,0.02998163,0.15987144,en,5.50000000,1015055-9,665087,P,45.75372000,21.22571000,EUROPE,Romania,WCE
Vrancea county,Vrancea county,GPE,0.00000000,0.00000000,en,5.50000000,4250864-2,678015,P,45.70000000,27.18333000,EUROPE,Romania,WCE
Făgăraș,Făgăraș,GPE,0.07409091,0.45570707,en,5.50000000,,678498,T,45.58333000,24.75000000,EUROPE,Romania,WCE
California,California,GPE,-0.13131313,0.35505051,en,5.50000000,,11071615,L,34.68743000,-116.78467000,NORTH-AMERICA,United States,WNA
Sicily,Sicily,GPE,0.14469697,0.61212121,en,5.50000000,4055193-3,2523118,T,37.62304000,13.93457000,EUROPE-AFRICA,Italy,MED
the Middle East,the Middle East,LOC,0.00960549,0.35969125,en,5.30000000,,12217091,L,35.80000000,-86.50000000,NORTH-AMERICA,United States,ENA
Brazil,Brazil,GPE,-0.14465409,0.26572327,en,5.30000000,4008003-1,3469034,A,-10.00000000,-55.00000000,SOUTH-AMERICA,Brazil,SAM
United States,United States,GPE,-0.01567835,0.31442049,en,5.30000000,,0,,,,,,
Suceava,Suceava,GPE,-0.19811321,0.47877358,en,5.30000000,4058350-8,665850,P,47.63333000,26.25000000,EUROPE,Romania,WCE
the Republic of Moldova,the Republic of Moldova,GPE,0.00534188,0.18322650,en,5.20000000,4663455-1,617239,P,46.84275000,29.62840000,EUROPE,Moldova,WCE
Britain,Britain,GPE,-0.05448718,0.23076923,en,5.20000000,4321693-6,4839292,P,41.66121000,-72.77954000,NORTH-AMERICA,United States,ENA
Turkey,Turkey,GPE,-0.13438645,0.71817766,en,5.20000000,4061163-2,298795,A,39.00000000,35.00000000,EUROPE-AFRICA,Turkey,MED
Craiova,Craiova,GPE,0.01644444,0.13688889,en,5.00000000,4374818-1,680332,P,44.31667000,23.80000000,EUROPE-AFRICA,Romania,MED
Budapest,Budapest,GPE,-0.09067460,0.65353175,en,5.00000000,4008684-7,3054643,P,47.49835000,19.04045000,EUROPE,Hungary,WCE
Earth,Earth,LOC,0.44619666,1.01453309,en,4.90000000,,0,,,,,,
Mexico,Mexico,GPE,0.03017677,0.42466330,en,4.80000000,4039058-5,3996063,A,23.00000000,-102.00000000,CENTRAL-AMERICA,Mexico,NCA
Netherlands,Netherlands,GPE,0.03324468,0.38297872,en,4.70000000,4042203-3,2750405,A,52.25000000,5.75000000,EUROPE,The Netherlands,NEU
the Făgăraș Mountains,the Făgăraș Mountains,LOC,0.13975155,0.43620600,en,4.60000000,,0,,,,,,
Hawaii,Hawaii,GPE,-0.43953804,0.64130435,en,4.60000000,251184-8,5855797,A,20.78785000,-156.38612000,PACIFIC,United States,NPO
Tenerife,Tenerife,GPE,-0.04606625,0.40062112,en,4.60000000,4277900-5,2511174,P,28.46824000,-16.25462000,AFRICA,Spain,SAH
Arad,Arad,GPE,0.00444664,0.13076416,en,4.60000000,4079813-6,686254,P,46.18333000,21.31667000,EUROPE,Romania,WCE
Ilfov county,Ilfov county,GPE,0.00000000,0.00000000,en,4.60000000,,865518,A,44.58333000,26.16667000,EUROPE-AFRICA,Romania,MED
Făgăraş,Făgăraş,GPE,0.16315217,0.56184783,en,4.60000000,4386934-8,678498,T,45.58333000,24.75000000,EUROPE,Romania,WCE
Pakistan,Pakistan,GPE,-0.04964827,0.24472403,en,4.40000000,4075812-6,1168579,A,30.00000000,70.00000000,ASIA,Pakistan,WCA
Rhine,Rhine,GPE,0.18474518,0.42389807,en,4.40000000,,12077024,L,49.31885000,8.77012000,EUROPE,Germany,WCE
Maramureș,Maramureș,GPE,0.17063492,0.28571429,en,4.20000000,,685826,P,47.65729000,23.56808000,EUROPE,Romania,WCE
Israel,Israel,GPE,-0.07825203,0.34247967,en,4.10000000,4027808-6,294640,A,31.50000000,34.75000000,EUROPE-AFRICA,Israel,MED
America,America,GPE,-0.12176644,0.28584627,en,4.10000000,,0,,,,,,
Sibiu,Sibiu,GPE,0.08541667,0.20000000,en,4.00000000,4072443-8,667268,P,45.80000000,24.15000000,EUROPE,Romania,WCE
Moscow,Moscow,GPE,-0.05000000,0.62222222,en,4.00000000,4074987-3,524901,P,55.75222000,37.61556000,EUROPE,Russia,WCE
Bulgaria,Bulgaria,GPE,0.13839286,0.26741071,en,4.00000000,4008866-2,732800,A,42.66667000,25.25000000,EUROPE-AFRICA,Bulgaria,MED
Australia,Australia,GPE,0.08541667,0.38541667,en,4.00000000,4003900-6,2077456,A,-25.00000000,135.00000000,OCEANIA,Australia,CAU
Tuapse,Tuapse,GPE,-0.14102564,0.55341880,en,3.90000000,4590969-6,480716,P,44.10083000,39.08326000,EUROPE-AFRICA,Russia,MED
USA,USA,GPE,0.24451754,1.01059942,en,3.80000000,4078704-7,6252001,X,39.75999900,-98.50000000,NORTH-AMERICA,United States,CNA
Termoenergetica,Termoenergetica,GPE,0.12244062,0.39086814,en,3.70000000,,0,,,,,,
Buzău county,Buzău county,GPE,-0.03603604,0.06006006,en,3.70000000,,683123,P,45.15000000,26.83333000,EUROPE,Romania,WCE
Hokkaido,Hokkaido,GPE,-0.00150150,0.44744745,en,3.70000000,4095546-1,11257417,L,43.51669000,142.44873000,ASIA,Japan,EAS
Bucegi,Bucegi,GPE,-0.00112613,0.36148649,en,3.70000000,4088510-0,683598,T,45.44520000,25.45112000,EUROPE,Romania,WCE
Galati,Galati,GPE,0.06306306,0.09009009,en,3.70000000,4446641-9,677697,P,45.43687000,28.05028000,EUROPE,Romania,WCE
Atlantic,Atlantic,LOC,-0.06762065,0.48344557,en,3.60000000,,12110846,L,40.58629000,-76.28807000,NORTH-AMERICA,United States,ENA
South Korea,South Korea,GPE,0.05519481,0.59430014,en,3.50000000,4078029-6,1835841,A,36.50000000,127.75000000,ASIA,South Korea,EAS
Suceava county,Suceava county,GPE,0.18514739,0.39092971,en,3.50000000,,665850,P,47.63333000,26.25000000,EUROPE,Romania,WCE
Eastern Europe,Eastern Europe,LOC,-0.02678571,0.39642857,en,3.50000000,,0,,,,,,
Central,Central,LOC,0.04940476,0.49166667,en,3.50000000,,0,,,,,,
Kiev,Kiev,GPE,-0.08015873,0.24206349,en,3.50000000,4030522-3,703448,P,50.45466000,30.52380000,EUROPE,Ukraine,WCE
Taiwan,Taiwan,GPE,-0.06862745,0.30653595,en,3.40000000,4017875-4,1668284,A,24.00000000,121.00000000,ASIA,Taiwan,EAS
Canada,Canada,GPE,0.17708333,0.74305556,en,3.20000000,4029456-0,6251999,A,60.10867000,-113.64258000,NORTH-AMERICA,Canada,NWN
the Southern Carpathians,the Southern Carpathians,LOC,0.12211982,0.29390681,en,3.10000000,,0,,,,,,
Lupeni,Lupeni,GPE,0.56451613,0.80645161,en,3.10000000,4874131-0,674293,A,46.39565000,25.21905000,EUROPE,Romania,WCE
Belgium,Belgium,GPE,0.00927419,0.44838710,en,3.10000000,4005406-8,2802361,A,50.75000000,4.50000000,EUROPE,Belgium,WCE
the Mediterranean Sea,the Mediterranean Sea,LOC,-0.02150538,0.67204301,en,3.10000000,,0,,,,,,
Black Sea,Black Sea,LOC,-0.03425926,0.70462963,en,3.00000000,,10922499,L,41.25206000,36.96073000,EUROPE-AFRICA,Turkey,MED
Great Britain,Great Britain,GPE,0.71747649,0.83459596,en,2.90000000,4022153-2,2635167,A,54.75844000,-2.69531000,EUROPE,United Kingdom,NEU
Serbia,Serbia,GPE,0.00000000,0.05172414,en,2.90000000,4054598-2,6290252,A,44.81892000,20.45998000,EUROPE-AFRICA,Serbia,MED
the Vrancea seismic zone,the Vrancea seismic zone,LOC,0.00000000,0.00000000,en,2.80000000,,0,,,,,,
Naples,Naples,GPE,0.06239854,0.45129870,en,2.80000000,4041476-0,3172394,P,40.85216000,14.26811000,EUROPE-AFRICA,Italy,MED
the Pacific Ocean,the Pacific Ocean,LOC,0.14784226,0.42619048,en,2.80000000,,7670505,H,7.11300000,171.25400000,PACIFIC,Marshall Islands,EPO
Găneasa,Găneasa,GPE,0.00000000,0.00000000,en,2.80000000,,677626,A,44.49447000,26.29923000,EUROPE-AFRICA,Romania,MED
Vulcan,Vulcan,GPE,0.46428571,0.78571429,en,2.80000000,4248119-3,6627663,T,-73.66667000,163.63333000,POLAR,Antarctica,EAN
Dolj,Dolj,GPE,-0.04464286,0.13392857,en,2.80000000,4374818-1,680332,P,44.31667000,23.80000000,EUROPE-AFRICA,Romania,MED
Ankara,Ankara,GPE,0.08982684,0.23593074,en,2.80000000,4002075-7,323786,P,39.91987000,32.85427000,EUROPE-AFRICA,Turkey,MED
Carpathians,Carpathians,LOC,-0.22857143,0.53809524,en,2.80000000,,0,,,,,,
Bucegi Mountains,Bucegi Mountains,LOC,0.19107143,0.50535714,en,2.80000000,,683598,T,45.44520000,25.45112000,EUROPE,Romania,WCE
Angola,Angola,GPE,0.07528409,0.36404221,en,2.80000000,4002050-2,3351879,A,-12.50000000,18.50000000,AFRICA,Angola,WSAF
Bâlea Lac,Bâlea Lac,GPE,0.12104592,0.40488946,en,2.80000000,,11395371,P,45.60584000,24.61564000,EUROPE,Romania,WCE
São Paulo,São Paulo,GPE,-0.23214286,0.89285714,en,2.80000000,4051667-2,3448439,P,-23.54750000,-46.63611000,SOUTH-AMERICA,Brazil,SES
the Rodnei Mountains,the Rodnei Mountains,LOC,0.04047138,0.27613917,en,2.70000000,,0,,,,,,
Tuscany,Tuscany,GPE,0.19230769,0.73717949,en,2.60000000,4017581-9,3176959,P,43.77925000,11.24626000,EUROPE-AFRICA,Italy,MED
earth,earth,LOC,0.01923077,0.18162393,en,2.60000000,,0,,,,,,
Poland,Poland,GPE,-0.42307692,0.84615385,en,2.60000000,4046496-9,798544,A,52.00000000,20.00000000,EUROPE,Poland,WCE
London,London,GPE,0.29487179,0.53846154,en,2.60000000,4074335-4,2643743,P,51.50853000,-0.12574000,EUROPE,United Kingdom,NEU
Greenland,Greenland,GPE,-0.00178030,0.59878788,en,2.50000000,4022113-1,3425505,A,72.00000000,-40.00000000,POLAR,Greenland,GIC
Croatia,Croatia,GPE,-0.03555556,0.49333333,en,2.50000000,4073841-3,3202326,A,45.16667000,15.50000000,EUROPE,Croatia,WCE
Washington,Washington,GPE,-0.19027778,0.56388889,en,2.40000000,4064682-8,4140963,P,38.89511000,-77.03637000,NORTH-AMERICA,United States,ENA
Seville,Seville,GPE,-0.47247024,0.61383929,en,2.40000000,4054671-8,2510911,P,37.38283000,-5.97317000,EUROPE-AFRICA,Spain,MED
Crișana,Crișana,GPE,0.31111111,0.70972222,en,2.40000000,,727790,P,43.48625000,28.40648000,EUROPE-AFRICA,Bulgaria,MED
Livezeni,Livezeni,GPE,0.47916667,0.66666667,en,2.40000000,,8334884,A,46.54849000,24.67017000,EUROPE,Romania,WCE
Argentina,Argentina,GPE,0.07708333,0.34375000,en,2.40000000,4002890-2,3865483,A,-34.00000000,-64.00000000,SOUTH-AMERICA,Argentina,SES
Austria,Austria,GPE,0.18636364,0.37171717,en,2.20000000,4043271-3,2782113,A,47.33333000,13.33333000,EUROPE,Austria,WCE
Tulcea county,Tulcea county,GPE,0.00000000,0.45454545,en,2.20000000,,664518,P,45.17870000,28.80501000,EUROPE,Romania,WCE
Chernobyl,Chernobyl,GPE,0.11363636,0.15151515,en,2.20000000,4127036-8,710403,P,51.27013000,30.21968000,EUROPE,Ukraine,WCE
Arctic,Arctic,LOC,0.02777778,0.30555556,en,2.00000000,,0,,,,,,
the Black Sea,the Black Sea,LOC,-0.15555556,0.67777778,en,2.00000000,,5762871,S,44.47971000,-103.78076000,NORTH-AMERICA,United States,CNA
Oradea,Oradea,GPE,0.32535885,0.84768740,en,1.90000000,4253198-6,671768,P,47.04580000,21.91833000,EUROPE,Romania,WCE
the Bucegi Massif,the Bucegi Massif,LOC,0.05263158,0.47368421,en,1.90000000,,0,,,,,,
Ternate,Ternate,GPE,0.05263158,0.21052632,en,1.90000000,4272036-9,1624041,P,0.79065000,127.38424000,ASIA,Indonesia,SEA
North Africa,North Africa,GPE,0.42543860,0.84649123,en,1.90000000,7648389-7,57289,P,9.56000000,44.06500000,AFRICA,Somalia,NEAF
Horezu,Horezu,GPE,0.00000000,0.00000000,en,1.90000000,4259357-8,676025,H,45.11667000,24.05000000,EUROPE,Romania,WCE
Gorj county,Gorj county,GPE,0.00000000,0.00000000,en,1.90000000,4346891-3,676898,A,45.04636000,23.28278000,EUROPE,Romania,WCE
Nice,Nice,GPE,0.23684211,0.47697368,en,1.90000000,4075416-9,2990440,P,43.70313000,7.26608000,EUROPE-AFRICA,France,MED
Dolj county,Dolj county,GPE,0.00000000,0.00000000,en,1.90000000,4374818-1,680332,P,44.31667000,23.80000000,EUROPE-AFRICA,Romania,MED
the United Arab Emirates,the United Arab Emirates,GPE,0.21052632,0.73684211,en,1.90000000,,8469718,T,25.22231000,55.17181000,ASIA,United Arab Emirates,ARP
Brasov,Brasov,GPE,-0.31578947,0.52631579,en,1.90000000,117661-4,683844,P,45.64861000,25.60613000,EUROPE,Romania,WCE
Dubai,Dubai,GPE,0.07894737,0.36842105,en,1.90000000,4204044-9,292223,P,25.07725000,55.30927000,ASIA,United Arab Emirates,ARP
​​the Tyrrhenian Sea,​​the Tyrrhenian Sea,LOC,-0.01754386,0.01754386,en,1.90000000,,0,,,,,,
Vâlcea county,Vâlcea county,GPE,-0.10526316,0.02631579,en,1.90000000,,668872,P,45.10000000,24.36667000,EUROPE,Romania,WCE
El Nino,El Nino,GPE,-0.04166667,0.35745614,en,1.90000000,,12513655,L,-0.90231000,-89.52853000,PACIFIC,Ecuador,EPO
Caribbean,Caribbean,LOC,0.16666667,0.87719298,en,1.90000000,,0,,,,,,
Louvre,Louvre,GPE,-0.01973684,0.31578947,en,1.90000000,,2997319,S,48.86102000,2.33587000,EUROPE,France,WCE
Brăila,Brăila,GPE,0.00219298,0.68640351,en,1.90000000,4457197-5,683902,P,45.27152000,27.97429000,EUROPE,Romania,WCE
Grădiștea,Grădiștea,GPE,0.00000000,0.00000000,en,1.90000000,,676807,A,45.24832000,27.38192000,EUROPE,Romania,WCE
Petrăchioaia,Petrăchioaia,GPE,0.00000000,0.00000000,en,1.90000000,,680295,A,44.57953000,26.31114000,EUROPE-AFRICA,Romania,MED
Eforie Nord,Eforie Nord,GPE,0.22807018,0.38596491,en,1.90000000,4092332-0,678589,P,44.06530000,28.63211000,EUROPE-AFRICA,Romania,MED
Kefalonia,Kefalonia,GPE,0.61842105,0.92105263,en,1.90000000,4030124-2,6299491,S,38.12007000,20.50048000,EUROPE-AFRICA,Greece,MED
Chongqing,Chongqing,GPE,0.06140351,0.38157895,en,1.90000000,4315770-1,1814906,P,29.56026000,106.55771000,ASIA,China,EAS
Balkans,Balkans,LOC,0.11111111,0.27339181,en,1.90000000,,0,,,,,,
Kumamoto,Kumamoto,GPE,0.00000000,0.00000000,en,1.90000000,4382233-2,1857892,T,32.42944000,130.99099000,ASIA,Japan,EAS
Rio de Janeiro,Rio de Janeiro,GPE,0.07894737,0.78947368,en,1.90000000,4076741-3,3451190,P,-22.90642000,-43.18223000,SOUTH-AMERICA,Brazil,SES
Typhoon Dolphin,Typhoon Dolphin,GPE,-0.06578947,0.19736842,en,1.90000000,,0,,,,,,
Bucium,Bucium,GPE,0.00000000,0.00000000,en,1.90000000,4714996-6,683571,A,46.26131000,23.15742000,EUROPE,Romania,WCE
Sălciua,Sălciua,GPE,0.00000000,0.00000000,en,1.90000000,,668176,A,46.38261000,23.41526000,EUROPE,Romania,WCE
Mogoș,Mogoș,GPE,0.00000000,0.00000000,en,1.90000000,,672956,A,46.28356000,23.31873000,EUROPE,Romania,WCE
Întregalde,Întregalde,GPE,0.00000000,0.00000000,en,1.90000000,,675580,A,46.24908000,23.39213000,EUROPE,Romania,WCE
South Africa,South Africa,GPE,0.03508772,0.31578947,en,1.90000000,4078012-0,953987,A,-29.00000000,24.00000000,AFRICA,South Africa,WSAF
Hong Kong,Hong Kong,GPE,0.03289474,0.75657895,en,1.90000000,1318138531,1819729,P,22.27832000,114.17469000,ASIA,Hong Kong,EAS
Constanța county,Constanța county,GPE,0.00000000,0.00000000,en,1.90000000,4096764-5,680963,P,44.18073000,28.63432000,EUROPE-AFRICA,Romania,MED
Pacific,Pacific,LOC,-0.22368421,0.43421053,en,1.90000000,,0,,,,,,
Dukono,Dukono,GPE,-0.15789474,0.21052632,en,1.90000000,,1645180,T,1.70000000,127.86667000,ASIA,Indonesia,SEA
the Strait of Hormuz,the Strait of Hormuz,LOC,-0.10526316,0.21052632,en,1.90000000,,0,,,,,,
the Indian Ocean,the Indian Ocean,LOC,0.07368421,0.26315789,en,1.90000000,,0,,,,,,
Oklahoma,Oklahoma,GPE,-0.21052632,0.28070175,en,1.90000000,4043423-0,4544349,P,35.46756000,-97.51643000,NORTH-AMERICA,United States,CNA
Slatina-Timiș,Slatina-Timiș,GPE,-0.07894737,0.49122807,en,1.90000000,,13361455,L,45.84613000,21.03009000,EUROPE,Romania,WCE
Buzau county,Buzau county,GPE,0.00000000,0.00000000,en,1.90000000,,683123,P,45.15000000,26.83333000,EUROPE,Romania,WCE
Mississippi,Mississippi,GPE,0.07309942,0.26900585,en,1.90000000,4039588-1,4436296,A,32.75041000,-89.75036000,NORTH-AMERICA,United States,ENA
Alaska,Alaska,GPE,0.00000000,0.01754386,en,1.90000000,4001016-8,5879092,A,64.00028000,-150.00028000,NORTH-AMERICA,United States,NWN
Olt,Olt,GPE,0.00000000,0.00000000,en,1.90000000,4086586-1,666767,P,44.43333000,24.36667000,EUROPE-AFRICA,Romania,MED
Everest,Everest,LOC,-0.21539961,0.39814815,en,1.90000000,,1283416,T,27.98791000,86.92529000,ASIA,China,TIB
Harghita,Harghita,LOC,0.00000000,0.00000000,en,1.90000000,4346889-5,676309,A,46.58333000,25.41667000,EUROPE,Romania,WCE
Mureș,Mureș,GPE,0.00000000,0.00000000,en,1.90000000,506966-X,665004,P,46.54245000,24.55747000,EUROPE,Romania,WCE
Uttar Pradesh,Uttar Pradesh,GPE,-0.29824561,0.70175439,en,1.90000000,4062226-5,1253626,A,27.25000000,80.75000000,ASIA,India,SAS
the Bucegi Plateau,the Bucegi Plateau,LOC,-0.13157895,0.25657895,en,1.90000000,,0,,,,,,
the South Pole,the South Pole,LOC,0.02631579,0.09356725,en,1.90000000,4525485-0,3689147,P,10.96854000,-74.78132000,SOUTH-AMERICA,Colombia,NWS
El Niño,El Niño,GPE,-0.03947368,0.78947368,en,1.90000000,,12513655,L,-0.90231000,-89.52853000,PACIFIC,Ecuador,EPO
west,west,LOC,0.08771930,0.35087719,en,1.90000000,,11887751,L,42.77268000,-116.95790000,NORTH-AMERICA,United States,WNA
Nepal,Nepal,GPE,0.13157895,0.29824561,en,1.90000000,4041612-4,1282988,A,28.00000000,84.00000000,ASIA,Nepal,TIB
Mount Fuji,Mount Fuji,LOC,-0.12280702,0.28070175,en,1.90000000,4018768-8,1864094,T,35.36070000,138.72773000,ASIA,Japan,EAS
Belgorod region,Belgorod region,LOC,-0.05847953,0.81871345,en,1.90000000,4293294-4,712160,P,46.19484000,30.34827000,EUROPE,Ukraine,WCE
Norway,Norway,GPE,-0.07894737,0.57894737,en,1.90000000,4042640-3,3144096,A,62.00000000,10.00000000,EUROPE,Norway,NEU
Belgorod,Belgorod,GPE,0.00000000,0.52631579,en,1.90000000,4005409-3,578072,P,50.60343000,36.58091000,EUROPE,Russia,WCE
Tisău,Tisău,GPE,0.00000000,0.00000000,en,1.90000000,,8334878,A,45.19337000,26.57321000,EUROPE,Romania,WCE
Switzerland,Switzerland,GPE,0.02631579,0.10526316,en,1.90000000,,2658434,A,47.00016000,8.01427000,EUROPE,Switzerland,WCE
Congo,Congo,GPE,-0.19956140,0.36842105,en,1.90000000,4032097-2,2260494,A,-1.00000000,15.50000000,AFRICA,Republic of the Congo,CAF
Cyprus,Cyprus,GPE,0.00000000,0.04385965,en,1.90000000,4241756-9,146669,A,35.00000000,33.00000000,EUROPE-AFRICA,Cyprus,MED
Gorj,Gorj,LOC,-0.08333333,0.29122807,en,1.90000000,4346891-3,676898,A,45.04636000,23.28278000,EUROPE,Romania,WCE
Niscemi,Niscemi,GPE,-0.12280702,0.44298246,en,1.90000000,4461093-2,2524006,P,37.14649000,14.39381000,EUROPE-AFRICA,Italy,MED
Beijing,Beijing,GPE,0.56986532,1.19229798,en,1.80000000,4075971-4,1816670,P,39.90750000,116.39723000,ASIA,China,EAS
Africa,Africa,LOC,-0.24074074,0.40740741,en,1.80000000,,0,,,,,,
the Apuseni Mountains,the Apuseni Mountains,LOC,0.65277778,0.69444444,en,1.80000000,,0,,,,,,
Bistrita-Năsăud,Bistrita-Năsăud,GPE,0.00000000,0.00000000,en,1.80000000,4006973-4,684657,P,47.13316000,24.50011000,EUROPE,Romania,WCE
Queensland,Queensland,GPE,0.24259259,0.66481481,en,1.80000000,4103475-2,2152274,A,-20.00000000,145.00000000,OCEANIA,Australia,NAU
Easter,Easter,GPE,0.00000000,0.00000000,en,1.70000000,,0,,,,,,
Kosovo,Kosovo,GPE,-0.11764706,0.29411765,en,1.70000000,4032571-4,831053,A,42.58333000,20.91667000,EUROPE-AFRICA,Kosovo,MED
Hunedoara county,Hunedoara county,GPE,0.09068627,0.32598039,en,1.70000000,,675918,P,45.75000000,22.90000000,EUROPE,Romania,WCE
North Korea,North Korea,GPE,0.23529412,1.17647059,en,1.70000000,4075468-6,1873107,A,40.00000000,127.00000000,ASIA,North Korea,EAS
Hunedoara,Hunedoara,GPE,0.05882353,0.11764706,en,1.70000000,4095808-5,675918,P,45.75000000,22.90000000,EUROPE,Romania,WCE
Iasi,Iasi,GPE,-0.47058824,0.58823529,en,1.70000000,4216369-9,675810,P,47.16667000,27.60000000,EUROPE,Romania,WCE
Istanbul,Istanbul,GPE,0.00000000,0.00000000,en,1.70000000,4088772-8,745044,P,41.01384000,28.94966000,EUROPE-AFRICA,Turkey,MED
Saint Petersburg,Saint Petersburg,GPE,0.00000000,0.00000000,en,1.70000000,2034200-7,498817,P,59.93863000,30.31413000,EUROPE,Russia,NEU
Himalayas,Himalayas,GPE,-0.16544118,0.53308824,en,1.70000000,,0,,,,,,
the Jiului Valley,the Jiului Valley,LOC,0.00000000,0.00000000,en,1.70000000,,0,,,,,,
Denmark,Denmark,GPE,0.07916667,1.40000000,en,1.60000000,4010877-6,2623032,A,56.00000000,10.00000000,EUROPE,Denmark,NEU
Constanța,Constanța,LOC,-0.10156250,0.31250000,en,1.60000000,4096764-5,680963,P,44.18073000,28.63432000,EUROPE-AFRICA,Romania,MED
the Soviet Union,the Soviet Union,GPE,0.19230769,0.25641026,en,1.30000000,,4138541,S,38.90344000,-77.03942000,NORTH-AMERICA,United States,ENA
Sulawesi,Sulawesi,GPE,0.24358974,0.53846154,en,1.30000000,4069884-1,9062340,T,-2.13154000,120.28888000,ASIA,Indonesia,SEA
Milan,Milan,GPE,-0.15384615,0.30769231,en,1.30000000,4037100-1,3173435,P,45.46427000,9.18951000,EUROPE,Italy,WCE
Isărescu,Isărescu,GPE,0.01346154,0.49294872,en,1.30000000,,0,,,,,,
Cluj,Cluj,GPE,0.00000000,0.00000000,en,1.30000000,1122053215,681290,P,46.76667000,23.60000000,EUROPE,Romania,WCE
the United Kingdom,the United Kingdom,GPE,0.30256410,0.59487179,en,1.30000000,4022153-2,2635167,A,54.75844000,-2.69531000,EUROPE,United Kingdom,NEU
Tirana,Tirana,GPE,0.02797203,0.65734266,en,1.30000000,4270905-2,3183875,P,41.32744000,19.81866000,EUROPE-AFRICA,Albania,MED
the United States of America,the United States of America,GPE,-0.10576923,0.37820513,en,1.30000000,,11887752,L,33.45876000,-90.15081000,NORTH-AMERICA,United States,CNA
Libya,Libya,GPE,0.07692308,0.23076923,en,1.30000000,4035589-5,2215636,A,28.00000000,17.00000000,AFRICA,Libya,SAH
Iceland,Iceland,GPE,0.00000000,0.02564103,en,1.30000000,4027754-9,2629691,A,65.00000000,-18.00000000,POLAR,Iceland,GIC
Morocco,Morocco,GPE,-0.12820513,1.03846154,en,1.30000000,4037680-1,2542007,A,28.50000000,-10.00000000,AFRICA,Morocco,SAH
Cuba,Cuba,GPE,0.05128205,0.35897436,en,1.30000000,4033340-1,3562981,A,22.00000000,-79.50000000,CENTRAL-AMERICA,Cuba,CAR
Moldovan,Moldovan,GPE,0.65384615,0.66346154,en,1.30000000,,618588,P,46.03054000,28.22834000,EUROPE,Moldova,WCE
Lebanon,Lebanon,GPE,-0.15384615,0.38461538,en,1.30000000,4035567-6,272103,A,33.83333000,35.83333000,EUROPE-AFRICA,Lebanon,MED
New Zealand,New Zealand,GPE,0.18618881,0.72533023,en,1.30000000,4041915-0,2186224,A,-42.00000000,174.00000000,OCEANIA,New Zealand,NZ
Dagestan,Dagestan,GPE,0.38461538,0.38461538,en,1.30000000,4070193-1,567293,A,43.01667000,46.86667000,ASIA,Russia,WCA
Scandinavia,Scandinavia,LOC,0.01111111,0.04444444,en,1.00000000,,0,,,,,,
Albania,Albania,GPE,0.13636364,0.45454545,en,1.00000000,4001028-4,783754,A,41.00000000,20.00000000,EUROPE-AFRICA,Albania,MED
Talaud Islands,Talaud Islands,LOC,0.00000000,0.00000000,en,1.00000000,,9828034,A,4.31178000,126.78085000,ASIA,Indonesia,SEA
Sazan Island,Sazan Island,LOC,-0.10000000,0.40000000,en,1.00000000,,3184206,T,40.49646000,19.27832000,EUROPE-AFRICA,Albania,MED
Capital,Capital,GPE,0.01666667,0.24166667,en,1.00000000,,12122593,L,9.99553000,-66.30606000,SOUTH-AMERICA,Venezuela,NSA
South Korea's,South Korea's,GPE,0.06666667,0.63333333,en,1.00000000,4075468-6,1873107,A,40.00000000,127.00000000,ASIA,North Korea,EAS
Galati County,Galati County,GPE,0.00000000,0.22500000,en,1.00000000,4446641-9,677697,P,45.43687000,28.05028000,EUROPE,Romania,WCE
Alps,Alps,GPE,0.01111111,0.04444444,en,1.00000000,,0,,,,,,
Aomori Prefecture,Aomori Prefecture,LOC,0.10000000,0.33333333,en,1.00000000,4309664-5,2130658,P,40.81667000,140.73333000,ASIA,Japan,EAS
Rocky Mountain National Park,Rocky Mountain National Park,LOC,0.05000000,0.48333333,en,1.00000000,4445595-1,5581493,L,40.34281000,-105.68364000,NORTH-AMERICA,United States,WNA
Chiba,Chiba,GPE,0.10000000,0.40000000,en,1.00000000,4388993-1,2113015,P,35.60000000,140.11667000,ASIA,Japan,EAS
Bergamo,Bergamo,GPE,0.00000000,0.00000000,en,1.00000000,4005611-9,3182164,P,45.69601000,9.66721000,EUROPE,Italy,WCE
Hashikami,Hashikami,GPE,0.10000000,0.33333333,en,1.00000000,,2130138,T,40.40000000,141.58333000,ASIA,Japan,EAS
Colorado,Colorado,GPE,0.05000000,0.48333333,en,1.00000000,4010406-0,5417618,A,39.00027000,-105.50083000,NORTH-AMERICA,United States,WNA
Venice,Venice,GPE,0.43333333,0.73333333,en,1.00000000,4062501-1,3164603,P,45.43713000,12.33265000,EUROPE,Italy,WCE
Aruba,Aruba,GPE,0.30000000,1.00000000,en,1.00000000,4079840-9,3577279,A,12.50000000,-69.96667000,CENTRAL-AMERICA,Aruba,CAR
Salt Lake City,Salt Lake City,GPE,-0.08309524,0.39142857,en,1.00000000,4118295-9,5780993,P,40.76078000,-111.89105000,NORTH-AMERICA,United States,WNA
Bonaire,Bonaire,GPE,0.30000000,1.00000000,en,1.00000000,4007633-7,7626844,A,12.21286000,-68.29445000,CENTRAL-AMERICA,Bonaire; Saint Eustatius and Saba ,CAR
Curaçao,Curaçao,GPE,0.30000000,1.00000000,en,1.00000000,4010774-7,7626836,A,12.16667000,-68.96667000,CENTRAL-AMERICA,Curacao,CAR
MAP,MAP,LOC,0.25000000,0.25000000,en,1.00000000,,9078132,A,12.00802000,107.07072000,ASIA,Vietnam,SEA
Utah,Utah,GPE,-0.08309524,0.39142857,en,1.00000000,4062214-9,5549030,A,39.25024000,-111.75103000,NORTH-AMERICA,United States,WNA
Kamchatka,Kamchatka,GPE,0.00000000,0.00000000,en,1.00000000,,2125072,A,55.00000000,159.00000000,ASIA,Russia,RFE
Paltinu,Paltinu,GPE,0.37500000,0.87500000,en,1.00000000,,671415,P,47.63712000,25.53216000,EUROPE,Romania,WCE
Mindanao,Mindanao,GPE,-0.10000000,0.70000000,en,1.00000000,4100996-4,1699597,T,7.66382000,125.13051000,ASIA,Philippines,SEA
Bogza,Bogza,GPE,0.00000000,0.00000000,en,1.00000000,,832510,P,42.26556000,20.57889000,EUROPE-AFRICA,Kosovo,MED
Lisima Plateau,Lisima Plateau,LOC,0.07443182,0.56477273,en,1.00000000,,0,,,,,,
Black Pentecost,Black Pentecost,GPE,-0.16666667,0.43333333,en,1.00000000,,0,,,,,,
Prahova county,Prahova county,GPE,-1.00000000,1.00000000,en,1.00000000,4335898-6,670474,P,44.95000000,26.01667000,EUROPE-AFRICA,Romania,MED
Bacău,Bacău,GPE,0.00000000,0.00000000,en,1.00000000,4346909-7,685948,P,46.56718000,26.91384000,EUROPE,Romania,WCE
Los Angeles,Los Angeles,GPE,0.00000000,0.00000000,en,1.00000000,4036361-2,5368361,P,34.05223000,-118.24368000,NORTH-AMERICA,United States,WNA
Evia Island,Evia Island,LOC,0.20000000,0.50000000,en,1.00000000,,262565,T,38.50000000,24.00000000,EUROPE-AFRICA,Greece,MED
Frankfurt,Frankfurt,GPE,-0.33333333,0.66666667,en,1.00000000,4018118-2,2925533,P,50.11552000,8.68417000,EUROPE,Germany,WCE
Calabria,Calabria,GPE,0.00000000,0.00000000,en,1.00000000,4103588-4,2523630,P,38.11047000,15.66129000,EUROPE-AFRICA,Italy,MED
Kamceatka Peninsula,Kamceatka Peninsula,LOC,-0.08125000,0.53125000,en,1.00000000,,0,,,,,,
Arc,Arc,GPE,0.00000000,0.10000000,en,1.00000000,,4108091,P,34.97704000,-91.49513000,NORTH-AMERICA,United States,CNA
Kashmir,Kashmir,LOC,-0.03333333,0.03333333,en,1.00000000,4256270-3,1269320,A,33.53290000,75.40781000,ASIA,India,TIB
Mora,Mora,GPE,-0.04166667,0.33333333,en,1.00000000,,3438115,P,-25.33860000,-57.52167000,SOUTH-AMERICA,Paraguay,SES
U.S.,U.S.,GPE,-0.01625000,0.76000000,en,1.00000000,,0,,,,,,
aurora borealis,aurora borealis,LOC,0.11666667,0.55000000,en,1.00000000,,8125128,S,58.59278000,-134.86278000,NORTH-AMERICA,United States,NWN
Havana,Havana,GPE,0.06666667,0.46666667,en,1.00000000,4023865-9,3553478,P,23.13302000,-82.38304000,CENTRAL-AMERICA,Cuba,CAR
the Simila River,the Simila River,LOC,0.00000000,0.00000000,en,1.00000000,,0,,,,,,
Vaslui County,Vaslui County,GPE,0.00000000,0.00000000,en,1.00000000,,663116,A,46.50000000,27.75000000,EUROPE,Romania,WCE
Evia,Evia,LOC,0.00000000,0.00000000,en,1.00000000,4015642-4,262565,T,38.50000000,24.00000000,EUROPE-AFRICA,Greece,MED
West,West,LOC,-0.16666667,0.16666667,en,1.00000000,,11887751,L,42.77268000,-116.95790000,NORTH-AMERICA,United States,WNA
The United States,The United States,GPE,-0.03333333,0.46666667,en,1.00000000,,0,,,,,,
Antarctica,Antarctica,LOC,0.95000000,0.95000000,en,1.00000000,,0,,,,,,
Minnesota,Minnesota,GPE,0.00000000,0.00000000,en,1.00000000,4101012-7,5037779,A,46.25024000,-94.25055000,NORTH-AMERICA,United States,CNA
Foggia,Foggia,GPE,0.00000000,0.00000000,en,1.00000000,4086505-8,3176885,P,41.45845000,15.55188000,EUROPE-AFRICA,Italy,MED
Palu,Palu,GPE,0.21666667,0.40000000,en,1.00000000,1368886205,1633034,P,-0.90833000,119.87083000,ASIA,Indonesia,SEA
Sulawesi island,Sulawesi island,LOC,0.43333333,0.73333333,en,1.00000000,,9062340,T,-2.13154000,120.28888000,ASIA,Indonesia,SEA
Brussels,Brussels,GPE,0.00000000,0.10000000,en,1.00000000,4008460-7,2800866,P,50.85045000,4.34878000,EUROPE,Belgium,WCE
Colombo,Colombo,GPE,0.00000000,0.00000000,en,1.00000000,4010404-7,1248991,P,6.93548000,79.84868000,INDIAN,Sri Lanka,EIO
Asia,Asia,LOC,0.00000000,0.00000000,en,1.00000000,,0,,,,,,
Rodna,Rodna,GPE,0.16000000,0.54000000,en,1.00000000,7700404-8,668770,T,47.58333000,24.66667000,EUROPE,Romania,WCE
Tibleș,Tibleș,GPE,0.16000000,0.54000000,en,1.00000000,,665186,T,47.63242000,24.07273000,EUROPE,Romania,WCE
the City of Bucharest,the City of Bucharest,GPE,-0.02500000,0.10000000,en,1.00000000,,0,,,,,,
Camp Viking,Camp Viking,LOC,-0.35000000,1.00000000,en,1.00000000,,4914824,S,41.46892000,-88.68480000,NORTH-AMERICA,United States,ENA
the Rodna Mountains,the Rodna Mountains,LOC,0.21428571,0.42857143,en,1.00000000,,0,,,,,,
Ghana,Ghana,GPE,0.00000000,0.00000000,en,1.00000000,4020949-0,2300660,A,8.10000000,-1.20000000,AFRICA,Ghana,WAF
Crisana,Crisana,GPE,0.50000000,0.50000000,en,1.00000000,,727790,P,43.48625000,28.40648000,EUROPE-AFRICA,Bulgaria,MED
Koblenz,Koblenz,GPE,0.05000000,0.60000000,en,1.00000000,4031410-8,2886946,P,50.35357000,7.57883000,EUROPE,Germany,WCE
the Vardousia Mountains,the Vardousia Mountains,LOC,-0.13333333,0.23333333,en,1.00000000,,0,,,,,,
New Jersey,New Jersey,GPE,0.04924242,0.42803030,en,1.00000000,4442932-0,5099836,P,40.72816000,-74.07764000,NORTH-AMERICA,United States,ENA
Suffolk,Suffolk,GPE,0.00000000,0.50000000,en,1.00000000,4007840-1,4930956,P,42.35843000,-71.05977000,NORTH-AMERICA,United States,ENA
Sizewell,Sizewell,GPE,0.30000000,0.45000000,en,1.00000000,4410892-8,2637796,P,52.21405000,1.61794000,EUROPE,United Kingdom,NEU
Bihor,Bihor,GPE,-0.08787879,0.39318182,en,1.00000000,4253198-6,671768,P,47.04580000,21.91833000,EUROPE,Romania,WCE
Zamora,Zamora,GPE,0.03333333,0.46666667,en,1.00000000,4338998-3,3649953,A,-4.25000000,-78.83333000,SOUTH-AMERICA,Ecuador,NWS
Paros,Paros,GPE,0.36666667,0.46666667,en,1.00000000,4044728-5,255720,T,37.05722000,25.18750000,EUROPE-AFRICA,Greece,MED
the Atlantic Ocean,the Atlantic Ocean,LOC,-0.10833333,0.75833333,en,1.00000000,,4504476,P,39.95373000,-74.19792000,NORTH-AMERICA,United States,ENA
the Gironde region,the Gironde region,LOC,-0.10833333,0.75833333,en,1.00000000,,0,,,,,,
Northeast,Northeast,LOC,0.26666667,0.33333333,en,1.00000000,,11887749,L,42.80019000,-74.11805000,NORTH-AMERICA,United States,ENA
Kazakhstan,Kazakhstan,GPE,-0.27500000,0.45833333,en,1.00000000,1009150-6,1522867,A,48.00000000,68.00000000,ASIA,Kazakhstan,WSB
Ialomița,Ialomița,GPE,0.00000000,0.00000000,en,1.00000000,,675848,A,44.66667000,27.00000000,EUROPE-AFRICA,Romania,MED
Varna,Varna,LOC,0.00000000,0.33333333,en,1.00000000,4107573-0,726050,P,43.21912000,27.91024000,EUROPE-AFRICA,Bulgaria,MED
Great Lakes,Great Lakes,LOC,0.26666667,0.33333333,en,1.00000000,4022167-2,12212304,L,44.57143000,-84.69022000,NORTH-AMERICA,United States,ENA
the Refuge of Hope,the Refuge of Hope,LOC,0.00000000,0.06666667,en,1.00000000,,0,,,,,,
Vardousia Mountains,Vardousia Mountains,LOC,-0.20000000,0.22500000,en,1.00000000,,252276,T,38.64171000,22.13944000,EUROPE-AFRICA,Greece,MED
Timiș county,Timiș county,GPE,0.25000000,0.25000000,en,1.00000000,4078196-3,665087,P,45.75372000,21.22571000,EUROPE,Romania,WCE
Timisoara,Timisoara,GPE,0.00000000,0.00000000,en,1.00000000,4078196-3,665087,P,45.75372000,21.22571000,EUROPE,Romania,WCE
Cernavodă,Cernavodă,GPE,0.00000000,0.00000000,en,1.00000000,7608497-8,682321,P,44.33957000,28.03273000,EUROPE-AFRICA,Romania,MED
West London,West London,GPE,0.00000000,0.00000000,en,1.00000000,,12042177,L,51.48653000,-0.40583000,EUROPE,United Kingdom,NEU
Adelboden,Adelboden,GPE,0.50000000,1.00000000,en,1.00000000,4000471-5,2661863,P,46.49142000,7.56031000,EUROPE,Switzerland,WCE
Transnistria,Transnistria,GPE,0.00000000,0.00000000,en,1.00000000,4663455-1,617239,P,46.84274000,29.62909000,EUROPE,Moldova,WCE
Râmeț,Râmeț,GPE,0.00000000,0.00000000,en,1.00000000,,668897,A,46.31564000,23.52602000,EUROPE,Romania,WCE
Nicosia,Nicosia,GPE,0.00000000,0.05000000,en,1.00000000,4075406-6,146268,P,35.17531000,33.36420000,EUROPE-AFRICA,Cyprus,MED
northeast coast,northeast coast,LOC,-0.02500000,0.20000000,en,1.00000000,4042011-5,5128581,P,40.71427000,-74.00597000,NORTH-AMERICA,United States,ENA
Țarcu,Țarcu,GPE,0.00000000,0.70000000,en,1.00000000,,665513,T,45.28333000,22.46667000,EUROPE,Romania,WCE
Slovakia,Slovakia,GPE,0.60000000,0.95000000,en,1.00000000,4055297-4,3057568,A,48.66667000,19.50000000,EUROPE,Slovakia,WCE
Mount Everest,Mount Everest,LOC,-0.13333333,0.61666667,en,1.00000000,4040417-1,1283416,T,27.98791000,86.92529000,ASIA,China,TIB
Braşov,Braşov,GPE,0.00000000,0.00000000,en,1.00000000,117661-4,683844,P,45.64861000,25.60613000,EUROPE,Romania,WCE
the East China Sea,the East China Sea,LOC,0.00000000,0.00000000,en,1.00000000,,5764420,T,43.95193000,-103.55436000,NORTH-AMERICA,United States,CNA
Kagoshima,Kagoshima,GPE,0.00000000,0.00000000,en,1.00000000,4308810-7,1860827,P,31.56667000,130.55000000,ASIA,Japan,EAS
Țarcu-Godeanu,Țarcu-Godeanu,LOC,0.00000000,0.10000000,en,1.00000000,,0,,,,,,
Wellington,Wellington,GPE,-0.00340909,0.49696970,en,1.00000000,4119042-7,2179537,P,-41.28664000,174.77557000,OCEANIA,New Zealand,NZ
Antarctic,Antarctic,LOC,-0.00340909,0.49696970,en,1.00000000,,6632710,L,-90.00000000,0.00000000,POLAR,Antarctica,EAN
Șau Șugareil,Șau Șugareil,LOC,0.00000000,0.00000000,en,1.00000000,,0,,,,,,
Neamț County,Neamț County,GPE,0.02500000,0.07500000,en,1.00000000,,670889,P,46.91667000,26.33333000,EUROPE,Romania,WCE
Dascălu,Dascălu,GPE,0.00000000,0.00000000,en,1.00000000,,679707,A,44.60008000,26.24201000,EUROPE-AFRICA,Romania,MED
Weather Europe,Weather Europe,LOC,-0.11296296,0.55555556,en,1.00000000,,6296592,S,50.95026000,-1.35680000,EUROPE,United Kingdom,NEU
Bistrita-Năsăud county,Bistrita-Năsăud county,GPE,0.00000000,0.00000000,en,1.00000000,4006973-4,684657,P,47.13316000,24.50011000,EUROPE,Romania,WCE
Gansu province,Gansu province,GPE,0.00000000,0.00000000,en,1.00000000,4097624-5,1810676,A,37.75000000,102.75000000,ASIA,China,ECA
the hydro basin,the hydro basin,LOC,0.00000000,0.00000000,en,1.00000000,,0,,,,,,
Holland,Holland,GPE,-0.03181818,0.27727273,en,1.00000000,4042203-3,2750405,A,52.25000000,5.75000000,EUROPE,The Netherlands,NEU
the North Atlantic Ocean,the North Atlantic Ocean,LOC,0.22500000,0.66666667,en,1.00000000,,4504476,P,39.95373000,-74.19792000,NORTH-AMERICA,United States,ENA
Independence,Independence,GPE,-0.80000000,1.00000000,en,1.00000000,4119899-2,4391812,P,39.09112000,-94.41551000,NORTH-AMERICA,United States,CNA
Prahova County,Prahova County,GPE,-0.01515152,0.39393939,en,1.00000000,4335898-6,670474,P,44.95000000,26.01667000,EUROPE-AFRICA,Romania,MED
Texas,Texas,GPE,-0.25000000,0.52500000,en,1.00000000,4059594-8,12217092,L,28.92040000,-98.57720000,CENTRAL-AMERICA,United States,NCA
Colombia,Colombia,GPE,0.00000000,0.00000000,en,1.00000000,4031812-6,3686110,A,4.00000000,-73.25000000,SOUTH-AMERICA,Colombia,NWS
Mexico City,Mexico City,GPE,0.03611111,0.50277778,en,1.00000000,4039060-3,3530597,P,19.42847000,-99.12766000,CENTRAL-AMERICA,Mexico,NCA
Maramureș county,Maramureș county,GPE,-0.07500000,0.10000000,en,1.00000000,,685826,P,47.65729000,23.56808000,EUROPE,Romania,WCE
Borșa,Borșa,GPE,0.12500000,0.29166667,en,1.00000000,,684154,H,47.65000000,24.65000000,EUROPE,Romania,WCE
Warsaw,Warsaw,GPE,-0.80000000,1.00000000,en,1.00000000,4079048-4,756135,P,52.22977000,21.01178000,EUROPE,Poland,WCE
the Mayon volcano,the Mayon volcano,LOC,0.23333333,0.53333333,en,1.00000000,,0,,,,,,
Ialomița county,Ialomița county,GPE,0.00000000,0.00000000,en,1.00000000,,675848,A,44.66667000,27.00000000,EUROPE-AFRICA,Romania,MED
Guangxi,Guangxi,GPE,-0.14000000,0.32000000,en,1.00000000,4213746-9,1799869,P,22.81667000,108.31667000,ASIA,China,EAS
Bucovina Slope,Bucovina Slope,LOC,0.00000000,0.00000000,en,1.00000000,,0,,,,,,
Neamț county,Neamț county,GPE,0.02500000,0.07500000,en,1.00000000,,670889,P,46.91667000,26.33333000,EUROPE,Romania,WCE
Rab,Rab,GPE,0.35000000,0.65000000,en,1.00000000,4116885-9,3192178,P,44.75694000,14.76083000,EUROPE-AFRICA,Croatia,MED
Eurovision,Eurovision,GPE,0.00000000,0.00000000,en,1.00000000,,0,,,,,,
Nicolae,Nicolae,GPE,0.00000000,0.00000000,en,1.00000000,,672262,A,44.27008000,24.75897000,EUROPE-AFRICA,Romania,MED
Pitesti,Pitesti,GPE,0.00000000,0.00000000,en,1.00000000,4242882-8,670609,P,44.85000000,24.86667000,EUROPE-AFRICA,Romania,MED
Myrtos beach,Myrtos beach,GPE,0.67500000,0.75000000,en,1.00000000,,7602855,P,38.34408000,20.53740000,EUROPE-AFRICA,Greece,MED
Motru river,Motru river,LOC,0.14285714,0.46785714,en,1.00000000,,0,,,,,,
Moldavia,Moldavia,LOC,0.00000000,0.02500000,en,1.00000000,4039967-9,617790,A,47.25000000,28.58333000,EUROPE,Moldova,WCE
the Banat Mountains,the Banat Mountains,LOC,0.00000000,0.02500000,en,1.00000000,,0,,,,,,
the Eastern Carpathians,the Eastern Carpathians,LOC,0.00000000,0.02500000,en,1.00000000,,0,,,,,,
Rotterdam,Rotterdam,GPE,-0.12500000,0.37500000,en,1.00000000,4050739-7,2747891,P,51.92250000,4.47917000,EUROPE,The Netherlands,NEU
Wenzhou,Wenzhou,GPE,0.12500000,0.32500000,en,1.00000000,6144980-5,1791388,P,27.99942000,120.66682000,ASIA,China,EAS
Noriel,Noriel,GPE,0.00000000,0.00000000,en,1.00000000,,0,,,,,,
the Bucovina Slope,the Bucovina Slope,LOC,0.00000000,0.00000000,en,1.00000000,,0,,,,,,
east coast,east coast,LOC,0.11875000,0.66875000,en,1.00000000,,12212303,L,37.02332000,-77.36954000,NORTH-AMERICA,United States,ENA
Zakynthos,Zakynthos,GPE,0.00000000,0.00000000,en,1.00000000,4076964-1,251279,T,37.78845000,20.76749000,EUROPE-AFRICA,Greece,MED
Egypt,Egypt,GPE,-0.06500000,0.45833333,en,1.00000000,4000556-2,357994,A,27.00000000,30.00000000,AFRICA,Egypt,SAH
the Rocky Mountains,the Rocky Mountains,LOC,-0.15555556,0.28888889,en,1.00000000,,5836950,T,43.35826000,-110.91743000,NORTH-AMERICA,United States,WNA
Daniel,Daniel,GPE,0.00000000,0.00000000,en,1.00000000,,3941507,A,-10.50000000,-76.47448000,SOUTH-AMERICA,Peru,NWS
Oklahoma City,Oklahoma City,GPE,-0.25000000,0.52500000,en,1.00000000,4043423-0,4544349,P,35.46756000,-97.51643000,NORTH-AMERICA,United States,CNA
Bolzano,Bolzano,GPE,-0.10000000,0.10000000,en,1.00000000,4007901-6,3181913,P,46.49067000,11.33982000,EUROPE,Italy,WCE
​​the Mediterranean Sea,​​the Mediterranean Sea,LOC,0.00000000,0.40000000,en,1.00000000,,0,,,,,,
Teher,Teher,GPE,0.00000000,0.16666667,en,1.00000000,,2493647,T,26.60845000,8.64713000,AFRICA,Algeria,SAH
Northern Bucovina,Northern Bucovina,LOC,0.42500000,0.70000000,en,1.00000000,,0,,,,,,
the Molucca Sea,the Molucca Sea,LOC,0.10000000,0.40000000,en,1.00000000,,0,,,,,,
Ilfov,Ilfov,GPE,-0.10000000,0.10000000,en,1.00000000,4499612-3,11789173,L,44.43200000,26.10103000,EUROPE-AFRICA,Romania,MED
Buzău,Buzău,GPE,-0.10000000,0.10000000,en,1.00000000,4217626-8,683123,P,45.15000000,26.83333000,EUROPE,Romania,WCE
the Moluccas Sea,the Moluccas Sea,LOC,0.21666667,0.41666667,en,1.00000000,,0,,,,,,
Manado,Manado,GPE,-0.30000000,0.40000000,en,1.00000000,4524711-0,1636544,P,1.48218000,124.84892000,ASIA,Indonesia,SEA
Bucharest South,Bucharest South,GPE,-0.10000000,0.10000000,en,1.00000000,,8609988,R,14.34442000,120.92594000,ASIA,Philippines,SEA
Middle East,Middle East,LOC,0.21666667,0.36666667,en,1.00000000,,0,,,,,,
Sierra Nevada,Sierra Nevada,LOC,-0.50000000,0.62500000,en,1.00000000,,5395648,T,36.57855000,-118.29342000,NORTH-AMERICA,United States,WNA
Estonia,Estonia,GPE,0.00000000,0.00000000,en,1.00000000,4015587-0,453733,A,59.00000000,26.00000000,EUROPE,Estonia,NEU
the Shark Bay region,the Shark Bay region,LOC,0.09166667,0.79166667,en,1.00000000,,4341289,H,31.10823000,-91.71496000,NORTH-AMERICA,United States,CNA
Teleorman county,Teleorman county,GPE,-0.16666667,0.63333333,en,1.00000000,7683097-4,686502,P,43.98333000,25.33333000,EUROPE-AFRICA,Romania,MED
Cernetu,Cernetu,GPE,-0.16666667,0.63333333,en,1.00000000,,682303,P,43.90727000,25.45688000,EUROPE-AFRICA,Romania,MED
Jamaica,Jamaica,GPE,0.00000000,0.16666667,en,1.00000000,127193-3,3489940,A,18.16667000,-77.25000000,CENTRAL-AMERICA,Jamaica,CAR
Balkan Peninsula,Balkan Peninsula,LOC,0.06944444,0.43611111,en,1.00000000,,0,,,,,,
Focșani,Focșani,GPE,0.00000000,0.00000000,en,1.00000000,4250864-2,678015,P,45.70000000,27.18333000,EUROPE,Romania,WCE
Cârlibaba,Cârlibaba,GPE,-0.08333333,0.55833333,en,1.00000000,,681568,A,47.58546000,25.09425000,EUROPE,Romania,WCE
Apuseni,Apuseni,GPE,0.00000000,0.00000000,en,1.00000000,,686257,T,46.50000000,22.50000000,EUROPE,Romania,WCE
the Western Hills,the Western Hills,LOC,0.00000000,0.00000000,en,1.00000000,,5218745,P,40.82423000,-79.54310000,NORTH-AMERICA,United States,ENA
Tatar,Tatar,GPE,0.00000000,0.00000000,en,1.00000000,4328272-6,728378,P,42.19934000,24.33318000,EUROPE-AFRICA,Bulgaria,MED
Câmpina,Câmpina,GPE,0.05000000,0.30000000,en,1.00000000,4229237-2,3403642,P,-7.23056000,-35.88111000,SOUTH-AMERICA,Brazil,NES
Courmayeur,Courmayeur,GPE,-0.21666667,0.43333333,en,1.00000000,4494735-5,3177872,P,45.79659000,6.96893000,EUROPE,Italy,WCE
Reunion,Reunion,LOC,0.13636364,0.45454545,en,1.00000000,4049639-9,935317,A,-21.10000000,55.60000000,INDIAN,Reunion,SIO
Kyiv,Kyiv,GPE,0.00000000,0.00000000,en,1.00000000,4030522-3,703448,P,50.45466000,30.52380000,EUROPE,Ukraine,WCE
ISLAMABAD,ISLAMABAD,GPE,0.00000000,0.28333333,en,1.00000000,,1176615,P,33.72148000,73.04329000,ASIA,Pakistan,WCA
Cluj County,Cluj County,GPE,-0.10000000,0.36666667,en,1.00000000,1122053215,681290,P,46.76667000,23.60000000,EUROPE,Romania,WCE
Kaspiysk,Kaspiysk,GPE,-1.00000000,1.00000000,en,1.00000000,7741230-8,551847,P,42.88165000,47.63919000,ASIA,Russia,WCA
Mahackala,Mahackala,GPE,-1.00000000,1.00000000,en,1.00000000,4341833-8,532096,P,42.97782000,47.50027000,ASIA,Russia,WCA
Iezer,Iezer,GPE,-0.10000000,0.10000000,en,1.00000000,,675717,T,45.50000000,25.00000000,EUROPE,Romania,WCE
west coast,west coast,LOC,-0.01278409,0.23863636,en,1.00000000,,12492673,L,39.28000000,-155.26000000,PACIFIC,United States,NPO
arctic,arctic,LOC,-0.01278409,0.23863636,en,1.00000000,,0,,,,,,
Iraq,Iraq,GPE,0.26000000,0.22000000,en,1.00000000,4072920-5,99237,A,33.00000000,44.00000000,ASIA,Iraq,WCA
​​the city,​​the city,GPE,0.00000000,0.00000000,en,1.00000000,,0,,,,,,
Dinamo,Dinamo,GPE,0.00000000,0.00000000,en,1.00000000,,806790,P,50.24420000,41.65460000,EUROPE,Russia,EEU
Wales,Wales,GPE,0.00000000,0.03333333,en,1.00000000,4058708-3,2147714,P,-33.86785000,151.20732000,OCEANIA,Australia,EAU
the Postăvarul massif,the Postăvarul massif,LOC,-0.01333333,0.23555556,en,1.00000000,,0,,,,,,
East Coast,East Coast,LOC,0.50000000,0.50000000,en,1.00000000,,12212303,L,37.02332000,-77.36954000,NORTH-AMERICA,United States,ENA
Rhode Island,Rhode Island,GPE,0.00000000,0.00000000,en,1.00000000,4049848-7,5224323,A,41.75038000,-71.49978000,NORTH-AMERICA,United States,ENA
Massachusetts,Massachusetts,GPE,0.00000000,0.00000000,en,1.00000000,4037858-5,6254926,A,42.36565000,-71.10832000,NORTH-AMERICA,United States,ENA
Bali,Bali,GPE,0.00000000,0.00000000,en,1.00000000,4004327-7,1650534,T,-8.33333000,115.00000000,ASIA,Indonesia,SEA
Tver,Tver,GPE,0.00000000,0.70000000,en,1.00000000,1028333-X,480060,P,56.85836000,35.90057000,EUROPE,Russia,WCE
the Șureanu Ski Area,the Șureanu Ski Area,LOC,-0.06666667,0.30833333,en,1.00000000,,0,,,,,,
Șureanu,Șureanu,LOC,0.05000000,0.22500000,en,1.00000000,,665721,T,45.60000000,23.30000000,EUROPE,Romania,WCE
Porta Venezia,Porta Venezia,GPE,-0.33333333,0.66666667,en,1.00000000,,7628433,T,46.67459000,12.07307000,EUROPE,Italy,WCE
Bali island,Bali island,LOC,0.00000000,0.00000000,en,1.00000000,,1650534,T,-8.33333000,115.00000000,ASIA,Indonesia,SEA
Caraș-Severin,Caraș-Severin,GPE,0.00000000,1.00000000,en,1.00000000,4253113-5,668954,P,45.30083000,21.88917000,EUROPE,Romania,WCE
​​the Făgăraș Mountains,​​the Făgăraș Mountains,LOC,0.18714286,0.48428571,en,1.00000000,,0,,,,,,
the Făgăraş Mountains,the Făgăraş Mountains,LOC,0.06250000,0.50000000,en,1.00000000,,0,,,,,,
the Timiș River,the Timiș River,LOC,0.00000000,1.00000000,en,1.00000000,,0,,,,,,
PSG,PSG,GPE,-0.38888889,0.83333333,en,1.00000000,7605032-4,5556338,P,56.81250000,-132.95556000,NORTH-AMERICA,United States,NWN
Novaci,Novaci,GPE,0.04166667,0.32166667,en,1.00000000,,863468,A,41.01944000,21.66750000,EUROPE-AFRICA,North Macedonia,MED
Sadu,Sadu,GPE,0.23750000,0.60000000,en,1.00000000,4198035-9,3194360,P,45.25167000,19.83694000,EUROPE,Serbia,WCE
Devesel,Devesel,GPE,-0.20000000,0.35000000,en,1.00000000,,679449,A,44.48787000,22.67669000,EUROPE-AFRICA,Romania,MED
the Western Carpathians,the Western Carpathians,LOC,0.05555556,0.18888889,en,1.00000000,,0,,,,,,
Maine,Maine,GPE,0.22000000,0.34666667,en,1.00000000,4114929-4,4971068,A,45.50032000,-69.24977000,NORTH-AMERICA,United States,ENA
Băicoi,Băicoi,GPE,0.00000000,0.00000000,en,1.00000000,,8334702,A,45.04160000,25.86964000,EUROPE,Romania,WCE
the Canary Islands,the Canary Islands,LOC,0.00000000,0.00000000,en,1.00000000,,2520308,T,28.00000000,-15.50000000,AFRICA,Spain,SAH
the United Mexican States,the United Mexican States,GPE,0.00000000,0.00000000,en,1.00000000,,5358922,S,34.04557000,-118.19479000,NORTH-AMERICA,United States,WNA
the Brașov City Hall,the Brașov City Hall,GPE,0.00000000,0.00000000,en,1.00000000,,0,,,,,,
Jalisco,Jalisco,GPE,0.00000000,0.00000000,en,1.00000000,4109110-3,4004156,A,20.33333000,-103.66667000,CENTRAL-AMERICA,Mexico,NCA
Zacatecas,Zacatecas,GPE,0.00000000,0.00000000,en,1.00000000,4227663-9,3979840,A,23.25000000,-103.00000000,CENTRAL-AMERICA,Mexico,NCA
Missouri,Missouri,GPE,0.22000000,0.34666667,en,1.00000000,4039591-1,4398678,A,38.25031000,-92.50046000,NORTH-AMERICA,United States,CNA
Tel Aviv,Tel Aviv,GPE,0.50000000,0.50000000,en,1.00000000,4119545-0,293397,P,32.08088000,34.78057000,EUROPE-AFRICA,Israel,MED
Tamaulipas,Tamaulipas,GPE,0.00000000,0.00000000,en,1.00000000,4275411-2,3516391,A,24.00000000,-98.75000000,CENTRAL-AMERICA,Mexico,NCA
Gasteig,Gasteig,LOC,-0.03333333,0.23333333,en,1.00000000,,2778811,P,47.55843000,12.42125000,EUROPE,Austria,WCE
Michoacán,Michoacán,GPE,0.00000000,0.00000000,en,1.00000000,4115141-0,3995955,A,19.16667000,-101.83333000,CENTRAL-AMERICA,Mexico,NCA
the Curvature Carpathians,the Curvature Carpathians,LOC,0.05555556,0.18888889,en,1.00000000,,0,,,,,,
Herăstrău,Herăstrău,GPE,0.00000000,0.00000000,en,1.00000000,,6691780,L,44.47043000,26.08266000,EUROPE-AFRICA,Romania,MED
Beirut,Beirut,GPE,0.50000000,0.50000000,en,1.00000000,4005348-9,276781,P,33.89332000,35.50157000,EUROPE-AFRICA,Lebanon,MED
Persian Gulf,Persian Gulf,LOC,0.00000000,0.00000000,en,1.00000000,,0,,,,,,
Maramureş,Maramureş,GPE,0.00000000,0.00000000,en,1.00000000,4037666-7,685826,P,47.65729000,23.56808000,EUROPE,Romania,WCE
Pompeii,Pompeii,GPE,0.17222222,0.25555556,en,1.00000000,4046755-7,3170336,S,40.75000000,14.48333000,EUROPE-AFRICA,Italy,MED
the Kingdom of Morocco,the Kingdom of Morocco,GPE,-0.02500000,0.20833333,en,1.00000000,,3844924,A,-35.75000000,-63.75000000,SOUTH-AMERICA,Argentina,SES
Bundeswehr,Bundeswehr,GPE,0.00000000,0.00000000,en,1.00000000,,0,,,,,,
West Germany,West Germany,GPE,0.00000000,0.00000000,en,1.00000000,4011882-4,2921044,A,51.50000000,10.50000000,EUROPE,Germany,WCE
Berlin,Berlin,GPE,0.05416667,0.26666667,en,1.00000000,4005728-8,2950159,P,52.52437000,13.41053000,EUROPE,Germany,WCE
Victoria,Victoria,GPE,-0.07916667,0.30000000,en,1.00000000,,241131,P,-4.62001000,55.45501000,INDIAN,Seychelles,EIO
Dodeşti commune,Dodeşti commune,LOC,0.00000000,0.10000000,en,1.00000000,,0,,,,,,
Vaslui,Vaslui,GPE,0.00000000,0.00000000,en,1.00000000,4346864-0,663118,P,46.63333000,27.73333000,EUROPE,Romania,WCE
the Băile Felix,the Băile Felix,GPE,-0.20000000,0.30000000,en,1.00000000,,0,,,,,,
Băile Felix,Băile Felix,GPE,-0.14285714,0.28571429,en,1.00000000,10088802-1,685798,P,46.98995000,21.98210000,EUROPE,Romania,WCE
Bistrița-Năsăud,Bistrița-Năsăud,GPE,0.00000000,0.00000000,en,1.00000000,4006973-4,684657,P,47.13316000,24.50011000,EUROPE,Romania,WCE
Ialomiţa,Ialomiţa,GPE,0.00000000,0.00000000,en,1.00000000,1212128-9,675848,A,44.66667000,27.00000000,EUROPE-AFRICA,Romania,MED
Argeş,Argeş,GPE,0.00000000,0.00000000,en,1.00000000,4242882-8,670609,P,44.85000000,24.86667000,EUROPE-AFRICA,Romania,MED
Desnătui,Desnătui,GPE,0.00000000,0.00000000,en,1.00000000,,679457,H,43.88333000,23.58333000,EUROPE-AFRICA,Romania,MED
Red Square,Red Square,LOC,0.11000000,0.24666667,en,1.00000000,,6295575,S,55.75412000,37.62002000,EUROPE,Russia,WCE
Lonea,Lonea,GPE,0.00000000,0.00000000,en,1.00000000,,674614,P,45.45000000,23.41667000,EUROPE,Romania,WCE
east,east,LOC,-0.07500000,0.77500000,en,1.00000000,,12212303,L,37.02332000,-77.36954000,NORTH-AMERICA,United States,ENA
Nevada,Nevada,GPE,-0.15000000,0.35000000,en,1.00000000,4041996-4,5509151,A,39.25021000,-116.75119000,NORTH-AMERICA,United States,WNA
the Capital MAP,the Capital MAP,LOC,0.00000000,0.00000000,en,1.00000000,,0,,,,,,
northwest Africa,northwest Africa,GPE,0.15000000,0.32916667,en,1.00000000,,0,,,,,,
The United Kingdom's,The United Kingdom's,GPE,-0.18888889,0.18888889,en,1.00000000,4022153-2,2635167,A,54.75844000,-2.69531000,EUROPE,United Kingdom,NEU
vineyards,vineyards,LOC,0.08000000,0.32000000,en,1.00000000,,4176527,P,26.22373000,-81.72798000,NORTH-AMERICA,United States,ENA
Eur,Eur,GPE,0.05000000,1.00000000,en,1.00000000,,8015126,S,41.83942000,12.46311000,EUROPE-AFRICA,Italy,MED
"Yildirimhan ""Lightning","Yildirimhan ""Lightning",LOC,0.05000000,1.00000000,en,1.00000000,,0,,,,,,
ASE Bucharest,ASE Bucharest,GPE,0.00000000,0.00000000,en,1.00000000,,0,,,,,,
the United States Geological Survey,the United States Geological Survey,GPE,-0.40000000,0.60000000,en,1.00000000,,7708204,S,30.22500000,-92.04500000,NORTH-AMERICA,United States,CNA
Calama,Calama,GPE,-0.40000000,0.60000000,en,1.00000000,7576436-2,3897347,P,-22.45667000,-68.92371000,SOUTH-AMERICA,Chile,SWS
Brasilia,Brasilia,GPE,-0.10833333,0.60000000,en,1.00000000,4008003-1,3469034,A,-10.00000000,-55.00000000,SOUTH-AMERICA,Brazil,SAM
Gaza,Gaza,GPE,0.00000000,0.00000000,en,1.00000000,4092680-1,281133,P,31.50161000,34.46672000,EUROPE-AFRICA,Palestinian Territory,MED
​​the Caraiman massif,​​the Caraiman massif,LOC,-0.40000000,0.60000000,en,1.00000000,,0,,,,,,
Brâna Mare,Brâna Mare,LOC,-0.40000000,0.60000000,en,1.00000000,,0,,,,,,
the Caraiman Massif,the Caraiman Massif,LOC,0.00000000,0.00000000,en,1.00000000,,0,,,,,,
Der,Der,GPE,0.00000000,0.00000000,en,1.00000000,4040475-4,2867838,P,51.43218000,6.87967000,EUROPE,Germany,WCE
Minas Gerais,Minas Gerais,GPE,-0.25000000,0.22500000,en,1.00000000,4039398-7,3457153,A,-18.00000000,-44.00000000,SOUTH-AMERICA,Brazil,NES
Bhopal,Bhopal,GPE,-0.05000000,0.32500000,en,1.00000000,4127496-9,1275841,P,23.25469000,77.40289000,ASIA,India,SAS
Cadiz,Cadiz,GPE,0.00000000,0.00000000,en,1.00000000,4086458-3,2520600,P,36.52672000,-6.28910000,EUROPE-AFRICA,Spain,MED
Valea Anieșului,Valea Anieșului,GPE,0.00000000,0.00000000,en,1.00000000,,0,,,,,,
Gibellina,Gibellina,GPE,0.35416667,1.00000000,en,1.00000000,4444469-2,2524614,P,37.80704000,12.86954000,EUROPE-AFRICA,Italy,MED
Friuli,Friuli,GPE,0.05500000,0.77000000,en,1.00000000,,3176525,A,46.00000000,13.00000000,EUROPE,Italy,WCE
South,South,LOC,0.00000000,0.00000000,en,1.00000000,,11887752,L,33.45876000,-90.15081000,NORTH-AMERICA,United States,CNA
Iași,Iași,GPE,0.21666667,0.36666667,en,1.00000000,4216369-9,675810,P,47.16667000,27.60000000,EUROPE,Romania,WCE
Crete Island,Crete Island,GPE,0.00000000,0.00000000,en,1.00000000,,258763,T,35.20523000,24.90308000,EUROPE-AFRICA,Greece,MED
Doggerland,Doggerland,GPE,-0.08333333,0.33333333,en,1.00000000,,0,,,,,,
the North Sea,the North Sea,LOC,0.00000000,0.00000000,en,1.00000000,4433188-5,5334320,P,36.55524000,-121.92329000,NORTH-AMERICA,United States,WNA
Mureș county,Mureș county,GPE,0.00000000,0.00000000,en,1.00000000,506966-X,665004,P,46.54245000,24.55747000,EUROPE,Romania,WCE
Râciu commune,Râciu commune,GPE,0.00000000,0.00000000,en,1.00000000,,0,,,,,,
the Vrancea area,the Vrancea area,LOC,0.00000000,0.00000000,en,1.00000000,,0,,,,,,
the Sanriku Coast,the Sanriku Coast,LOC,-0.04166667,0.07500000,en,1.00000000,,0,,,,,,
Sanriku,Sanriku,GPE,-0.07500000,0.27500000,en,1.00000000,,2111923,L,38.50000000,141.50000000,ASIA,Japan,EAS
the north coast,the north coast,LOC,0.00000000,0.00000000,en,1.00000000,,12212303,L,37.02332000,-77.36954000,NORTH-AMERICA,United States,ENA
the Western Mountains,the Western Mountains,LOC,0.00000000,0.00000000,en,1.00000000,,3934196,T,-14.00000000,-74.00000000,SOUTH-AMERICA,Peru,NWS
Hotăranu,Hotăranu,GPE,0.00000000,0.00000000,en,1.00000000,,0,,,,,,
New Glenn,New Glenn,GPE,0.14977273,0.27757576,en,1.00000000,,5352462,A,39.59840000,-122.39221000,NORTH-AMERICA,United States,WNA
the ridge area,the ridge area,LOC,-0.10000000,0.10000000,en,1.00000000,4205997-5,4646571,P,36.01036000,-84.26964000,NORTH-AMERICA,United States,ENA
Sarabetsu,Sarabetsu,GPE,-0.25000000,0.40000000,en,1.00000000,,2128290,P,42.65600000,143.18708000,ASIA,Japan,EAS
Eskimos,Eskimos,LOC,-0.04166667,0.12500000,en,1.00000000,,0,,,,,,
Krasnodar,Krasnodar,GPE,-0.05000000,0.10000000,en,1.00000000,5197563-4,542420,P,45.04534000,38.98178000,EUROPE,Russia,WCE
the Bucegi Mountains,the Bucegi Mountains,LOC,0.03333333,0.42777778,en,1.00000000,,0,,,,,,
Pisa,Pisa,GPE,0.00000000,0.41666667,en,1.00000000,4046151-8,3170647,P,43.70853000,10.40360000,EUROPE-AFRICA,Italy,MED
Lucca,Lucca,GPE,0.00000000,0.41666667,en,1.00000000,4074354-8,3174530,P,43.84369000,10.50447000,EUROPE-AFRICA,Italy,MED
Elizabethan,Elizabethan,LOC,0.05000000,0.05000000,en,1.00000000,,4465105,L,35.93878000,-75.71240000,NORTH-AMERICA,United States,ENA
Tangier,Tangier,GPE,-0.02500000,0.20833333,en,1.00000000,4105771-5,2530335,P,35.76727000,-5.79975000,EUROPE-AFRICA,Morocco,MED
Piatra Craiului,Piatra Craiului,LOC,-0.10000000,0.18888889,en,1.00000000,4407675-7,670901,T,45.52547000,25.20933000,EUROPE,Romania,WCE
Nara Prefecture,Nara Prefecture,GPE,-0.05000000,0.05000000,en,1.00000000,4117774-5,1855612,P,34.68505000,135.80485000,ASIA,Japan,EAS
the Coștelei Valley,the Coștelei Valley,LOC,-0.19166667,0.15000000,en,1.00000000,,0,,,,,,
the Braşov County Rescue Service,the Braşov County Rescue Service,GPE,0.16666667,0.25000000,en,1.00000000,,0,,,,,,
the Costilei Valley,the Costilei Valley,LOC,0.00000000,0.00000000,en,1.00000000,,0,,,,,,
Slatina-Timiș commune,Slatina-Timiș commune,GPE,-0.23333333,0.60000000,en,1.00000000,,0,,,,,,
Caransebeș,Caransebeș,GPE,-0.10000000,0.10000000,en,1.00000000,,6299704,S,45.42000000,22.25333000,EUROPE,Romania,WCE
​​20,​​20,GPE,0.00000000,0.00000000,en,1.00000000,,0,,,,,,
Vernești,Vernești,GPE,0.00000000,0.00000000,en,1.00000000,,663034,A,45.20804000,26.69650000,EUROPE,Romania,WCE
​​the Bucegi Massif,​​the Bucegi Massif,LOC,0.16666667,0.25000000,en,1.00000000,,0,,,,,,
Omis,Omis,GPE,0.09166667,0.42500000,en,1.00000000,,3194113,A,43.46667000,16.70000000,EUROPE-AFRICA,Croatia,MED
